Reaction,Uncertainty A (unit),Uncertainty N (unit),Uncertainty Ea (unit)
2 OH (+M) <=> H2O2 (+M),1.00E-09,1.00E-09,1.00E-09
H2O2 + OH <=> H2O + HO2,1.00E-09,1.00E-09,1.00E-09
2 HO2 <=> H2O2 + O2,1.00E-09,1.00E-09,1.00E-09
HO2 + OH <=> H2O + O2,1.00E-09,1.00E-09,1.00E-09
2 OH <=> H2O + O,1.00E-09,1.00E-09,1.00E-09
CH3 + HO2 <=> CH4 + O2,1.00E-09,1.00E-09,1.00E-09
CH3 + HO2 <=> CH3O + OH,1.00E-09,1.00E-09,1.00E-09
CH4 + OH <=> CH3 + H2O,1.00E-09,1.00E-09,1.00E-09
H + O2 <=> O + OH,1.00E+06,1.00E-09,1.00E-09
H2 + O <=> H + OH,1.00E-09,1.00E-09,1.00E-09
H2 + O <=> H + OH,1.00E-09,1.00E-09,1.00E-09
H2 + OH <=> H + H2O,1.00E-09,1.00E-09,1.00E-09
H2 + M <=> 2 H + M,1.00E-09,1.00E-09,1.00E-09
AR + H2 <=> AR + 2 H,1.00E-09,1.00E-09,1.00E-09
H + O + M <=> OH + M,1.00E-09,1.00E-09,1.00E-09
2 O + M <=> O2 + M,1.00E-09,1.00E-09,1.00E-09
H2O + M <=> H + OH + M,1.00E-09,1.00E-09,1.00E-09
2 H2O <=> H + H2O + OH,1.00E-09,1.00E-09,1.00E-09
H + O2 (+M) <=> HO2 (+M),1.00E-09,1.00E-09,1.00E-09
H + HO2 <=> H2 + O2,1.00E-09,1.00E-09,1.00E-09
H + HO2 <=> 2 OH,1.00E-09,1.00E-09,1.00E-09
H + HO2 <=> H2O + O,1.00E-09,1.00E-09,1.00E-09
HO2 + O <=> O2 + OH,1.00E-09,1.00E-09,1.00E-09
H + H2O2 <=> H2O + OH,1.00E-09,1.00E-09,1.00E-09
H + H2O2 <=> H2 + HO2,1.00E-09,1.00E-09,1.00E-09
H2O2 + O <=> HO2 + OH,1.00E-09,1.00E-09,1.00E-09
CO + O (+M) <=> CO2 (+M),1.00E-09,1.00E-09,1.00E-09
CO + OH <=> CO2 + H,1.00E-09,1.00E-09,1.00E-09
CO + OH <=> HOCO,1.00E-09,1.00E-09,1.00E-09
CO + HO2 <=> CO2 + OH,1.00E-09,1.00E-09,1.00E-09
CO + O2 <=> CO2 + O,1.00E-09,1.00E-09,1.00E-09
CO + H2O2 <=> HOCO + OH,1.00E-09,1.00E-09,1.00E-09
HOCO (+M) <=> CO2 + H (+M),1.00E-09,1.00E-09,1.00E-09
H + HOCO <=> CO2 + H2,1.00E-09,1.00E-09,1.00E-09
H + HOCO <=> CO + H2O,1.00E-09,1.00E-09,1.00E-09
HOCO + O <=> CO2 + OH,1.00E-09,1.00E-09,1.00E-09
HOCO + OH <=> CO2 + H2O,1.00E-09,1.00E-09,1.00E-09
HOCO + OH <=> CO2 + H2O,1.00E-09,1.00E-09,1.00E-09
HO2 + HOCO <=> CO2 + H2O2,1.00E-09,1.00E-09,1.00E-09
HOCO + O2 <=> CO2 + HO2,1.00E-09,1.00E-09,1.00E-09
CH2O (+M) <=> H + HCO (+M),1.00E-09,1.00E-09,1.00E-09
CH2O (+M) <=> CO + H2 (+M),1.00E-09,1.00E-09,1.00E-09
CH2O + H <=> H2 + HCO,1.00E-09,1.00E-09,1.00E-09
CH2O + H <=> H2 + HCO,1.00E-09,1.00E-09,1.00E-09
CH2O + H <=> CO + H + H2,1.00E-09,1.00E-09,1.00E-09
CH2O + O <=> HCO + OH,1.00E-09,1.00E-09,1.00E-09
CH2O + O <=> HCO + OH,1.00E-09,1.00E-09,1.00E-09
CH2O + O <=> CO + H + OH,1.00E-09,1.00E-09,1.00E-09
CH2O + OH <=> H2O + HCO,1.00E-09,1.00E-09,1.00E-09
CH2O + OH <=> CO + H + H2O,1.00E-09,1.00E-09,1.00E-09
CH2O + HO2 <=> H2O2 + HCO,1.00E-09,1.00E-09,1.00E-09
CH2O + HO2 <=> CO + H + H2O2,1.00E-09,1.00E-09,1.00E-09
CH2O + O2 <=> HCO + HO2,1.00E-09,1.00E-09,1.00E-09
CH2O + O2 <=> HCO + HO2,1.00E-09,1.00E-09,1.00E-09
CH2O + O2 <=> CO + H + HO2,1.00E-09,1.00E-09,1.00E-09
HCO (+M) <=> CO + H (+M),1.00E-09,1.00E-09,1.00E-09
H + HCO <=> CO + H2,1.00E-09,1.00E-09,1.00E-09
HCO + O <=> CO + OH,1.00E-09,1.00E-09,1.00E-09
HCO + O <=> CO2 + H,1.00E-09,1.00E-09,1.00E-09
HCO + OH <=> CO + H2O,1.00E-09,1.00E-09,1.00E-09
HCO + O2 <=> CO + HO2,1.00E-09,1.00E-09,1.00E-09
HCO + HO2 <=> CO2 + H + OH,1.00E-09,1.00E-09,1.00E-09
2 HCO <=> CH2O + CO,1.00E-09,1.00E-09,1.00E-09
CH3 + H (+M) <=> CH4 (+M),1.00E-09,1.00E-09,1.00E-09
CH4 + H <=> CH3 + H2,1.00E-09,1.00E-09,1.00E-09
CH4 + O <=> CH3 + OH,1.00E-09,1.00E-09,1.00E-09
CH4 + HO2 <=> CH3 + H2O2,1.00E-09,1.00E-09,1.00E-09
CH2 + CH4 <=> 2 CH3,1.00E-09,1.00E-09,1.00E-09
CH2(S) + CH4 <=> 2 CH3,1.00E-09,1.00E-09,1.00E-09
CH + CH4 <=> C2H4 + H,1.00E-09,1.00E-09,1.00E-09
CH3 + M <=> CH + H2 + M,1.00E-09,1.00E-09,1.00E-09
CH3 + M <=> CH2 + H + M,1.00E-09,1.00E-09,1.00E-09
CH3 + H <=> CH2 + H2,1.00E-09,1.00E-09,1.00E-09
CH2(S) + H2 <=> CH3 + H,1.00E-09,1.00E-09,1.00E-09
CH3 + O <=> CH2O + H,1.00E-09,1.00E-09,1.00E-09
CH3 + O <=> CO + H + H2,1.00E-09,1.00E-09,1.00E-09
CH3 + OH <=> CH2 + H2O,1.00E-09,1.00E-09,1.00E-09
CH3 + OH <=> CH3OH,1.00E-09,1.00E-09,1.00E-09
CH3 + OH <=> CH2(S) + H2O,1.00E-09,1.00E-09,1.00E-09
CH3 + OH <=> CH2O + H2,1.00E-09,1.00E-09,1.00E-09
CH3 + OH <=> CH2OH + H,1.00E-09,1.00E-09,1.00E-09
CH3 + OH <=> CH3O + H,1.00E-09,1.00E-09,1.00E-09
CH3 + OH <=> H2 + HCOH,1.00E-09,1.00E-09,1.00E-09
CH3 + O2 <=> CH3O + O,1.00E-09,1.00E-09,1.00E-09
CH3 + O2 <=> CH2O + OH,1.00E-09,1.00E-09,1.00E-09
CH3 + O2 <=> CH3OO,1.00E-09,1.00E-09,1.00E-09
CH2O + CH3 <=> CH4 + HCO,1.00E-09,1.00E-09,1.00E-09
CH2O + CH3 <=> CH4 + CO + H,1.00E-09,1.00E-09,1.00E-09
CH3 + HCO <=> CH4 + CO,1.00E-09,1.00E-09,1.00E-09
CH3 + HCO <=> CH2CO + H2,1.00E-09,1.00E-09,1.00E-09
2 CH3 <=> C2H5 + H,1.00E-09,1.00E-09,1.00E-09
CH2 + CH3 <=> C2H4 + H,1.00E-09,1.00E-09,1.00E-09
CH2(S) + CH3 <=> C2H4 + H,1.00E-09,1.00E-09,1.00E-09
CH + CH3 <=> C2H3 + H,1.00E-09,1.00E-09,1.00E-09
C + CH3 <=> C2H2 + H,1.00E-09,1.00E-09,1.00E-09
CH2 + M <=> CH + H + M,1.00E-09,1.00E-09,1.00E-09
CH2 + M <=> C + H2 + M,1.00E-09,1.00E-09,1.00E-09
CH2 + H <=> CH + H2,1.00E-09,1.00E-09,1.00E-09
CH2 + O <=> CO + 2 H,1.00E-09,1.00E-09,1.00E-09
CH2 + O <=> CO + H2,1.00E-09,1.00E-09,1.00E-09
CH2 + OH <=> CH2O + H,1.00E-09,1.00E-09,1.00E-09
CH2 + OH <=> CH + H2O,1.00E-09,1.00E-09,1.00E-09
CH2 + O2 <=> CO2 + 2 H,1.00E-09,1.00E-09,1.00E-09
CH2 + O2 <=> CH2O + O,1.00E-09,1.00E-09,1.00E-09
CH2 + CO2 <=> CH2O + CO,1.00E-09,1.00E-09,1.00E-09
2 CH2 <=> C2H2 + 2 H,1.00E-09,1.00E-09,1.00E-09
2 CH2 <=> C2H2 + H2,1.00E-09,1.00E-09,1.00E-09
CH + CH2 <=> C2H2 + H,1.00E-09,1.00E-09,1.00E-09
C + CH2 <=> C2H + H,1.00E-09,1.00E-09,1.00E-09
CH2(S) + N2 <=> CH2 + N2,1.00E-09,1.00E-09,1.00E-09
AR + CH2(S) <=> AR + CH2,1.00E-09,1.00E-09,1.00E-09
CH2(S) + H <=> CH2 + H,1.00E-09,1.00E-09,1.00E-09
CH2(S) + H <=> CH + H2,1.00E-09,1.00E-09,1.00E-09
CH2(S) + O <=> CO + 2 H,1.00E-09,1.00E-09,1.00E-09
CH2(S) + OH <=> CH2O + H,1.00E-09,1.00E-09,1.00E-09
CH2(S) + O2 <=> CH2 + O2,1.00E-09,1.00E-09,1.00E-09
CH2(S) + H2O <=> CH2 + H2O,1.00E-09,1.00E-09,1.00E-09
CH2(S) + CO2 <=> CH2O + CO,1.00E-09,1.00E-09,1.00E-09
CH + H <=> C + H2,1.00E-09,1.00E-09,1.00E-09
CH + O <=> CO + H,1.00E-09,1.00E-09,1.00E-09
CH + OH <=> H + HCO,1.00E-09,1.00E-09,1.00E-09
CH + OH <=> CO + 2 H,1.00E-09,1.00E-09,1.00E-09
CH + OH <=> C + H2O,1.00E-09,1.00E-09,1.00E-09
CH + O2 <=> HCO + O,1.00E-09,1.00E-09,1.00E-09
CH + O2 <=> CO + H + O,1.00E-09,1.00E-09,1.00E-09
CH + H2O <=> CH2O + H,1.00E-09,1.00E-09,1.00E-09
CH + CO2 <=> CO + HCO,1.00E-09,1.00E-09,1.00E-09
CH + CO2 <=> 2 CO + H,1.00E-09,1.00E-09,1.00E-09
CH + CH2O <=> CH2CO + H,1.00E-09,1.00E-09,1.00E-09
C + OH <=> CO + H,1.00E-09,1.00E-09,1.00E-09
C + O2 <=> CO + O,1.00E-09,1.00E-09,1.00E-09
CH3OH (+M) <=> CH2(S) + H2O (+M),1.00E-09,1.00E-09,1.00E-09
CH2OH + H (+M) <=> CH3OH (+M),1.00E-09,1.00E-09,1.00E-09
CH3O + H (+M) <=> CH3OH (+M),1.00E-09,1.00E-09,1.00E-09
CH3OH + H <=> CH2OH + H2,1.00E-09,1.00E-09,1.00E-09
CH3OH + H <=> CH3O + H2,1.00E-09,1.00E-09,1.00E-09
CH3OH + O <=> CH2OH + OH,1.00E-09,1.00E-09,1.00E-09
CH3OH + O <=> CH3O + OH,1.00E-09,1.00E-09,1.00E-09
CH3OH + OH <=> CH2OH + H2O,1.00E-09,1.00E-09,1.00E-09
CH3OH + OH <=> CH3O + H2O,1.00E-09,1.00E-09,1.00E-09
CH3OH + HO2 <=> CH2OH + H2O2,1.00E-09,1.00E-09,1.00E-09
CH3OH + HO2 <=> CH3O + H2O2,1.00E-09,1.00E-09,1.00E-09
CH3OH + O2 <=> CH2OH + HO2,1.00E-09,1.00E-09,1.00E-09
CH3O + HO2 <=> CH3OH + O2,1.00E-09,1.00E-09,1.00E-09
CH3 + CH3OH <=> CH3O + CH4,1.00E-09,1.00E-09,1.00E-09
CH3 + CH3OH <=> CH2OH + CH4,1.00E-09,1.00E-09,1.00E-09
CH2OH (+M) <=> CH2O + H (+M),1.00E-09,1.00E-09,1.00E-09
CH2OH + H <=> CH2O + H2,1.00E-09,1.00E-09,1.00E-09
CH2OH + O <=> CH2O + OH,1.00E-09,1.00E-09,1.00E-09
CH2OH + OH <=> CH2O + H2O,1.00E-09,1.00E-09,1.00E-09
CH2OH + HO2 <=> CH2O + H2O2,1.00E-09,1.00E-09,1.00E-09
CH2OH + O2 <=> CH2O + HO2,1.00E-09,1.00E-09,1.00E-09
CH2OH + O2 <=> CH2O + HO2,1.00E-09,1.00E-09,1.00E-09
CH2OH + CH3 <=> C2H4 + H2O,1.00E-09,1.00E-09,1.00E-09
CH2OH + HCO <=> CH3OH + CO,1.00E-09,1.00E-09,1.00E-09
CH2OH + HCO <=> 2 CH2O,1.00E-09,1.00E-09,1.00E-09
CH2O + CH2OH <=> CH3OH + HCO,1.00E-09,1.00E-09,1.00E-09
CH2O + CH2OH <=> CH3OH + CO + H,1.00E-09,1.00E-09,1.00E-09
2 CH2OH <=> CH2O + CH3OH,1.00E-09,1.00E-09,1.00E-09
CH2OH + CH3O <=> CH2O + CH3OH,1.00E-09,1.00E-09,1.00E-09
CH3O (+M) <=> CH2O + H (+M),1.00E-09,1.00E-09,1.00E-09
CH3O + H <=> CH2O + H2,1.00E-09,1.00E-09,1.00E-09
CH3O + O <=> CH2O + OH,1.00E-09,1.00E-09,1.00E-09
CH3O + OH <=> CH2O + H2O,1.00E-09,1.00E-09,1.00E-09
CH3O + HO2 <=> CH2O + H2O2,1.00E-09,1.00E-09,1.00E-09
CH3O + O2 <=> CH2O + HO2,1.00E-09,1.00E-09,1.00E-09
CH3O + CO <=> CH3 + CO2,1.00E-09,1.00E-09,1.00E-09
CH3 + CH3O <=> CH2O + CH4,1.00E-09,1.00E-09,1.00E-09
CH2O + CH3O <=> CH3OH + HCO,1.00E-09,1.00E-09,1.00E-09
2 CH3O <=> CH2O + CH3OH,1.00E-09,1.00E-09,1.00E-09
CH3OOH (+M) <=> CH3O + OH (+M),1.00E-09,1.00E-09,1.00E-09
CH3OOH + H <=> CH2OOH + H2,1.00E-09,1.00E-09,1.00E-09
CH3OOH + H <=> CH3OO + H2,1.00E-09,1.00E-09,1.00E-09
CH3OOH + H <=> CH3O + H2O,1.00E-09,1.00E-09,1.00E-09
CH3OOH + O <=> CH2OOH + OH,1.00E-09,1.00E-09,1.00E-09
CH3OOH + O <=> CH3OO + OH,1.00E-09,1.00E-09,1.00E-09
CH3OOH + OH <=> CH3OO + H2O,1.00E-09,1.00E-09,1.00E-09
CH3OOH + OH <=> CH2OOH + H2O,1.00E-09,1.00E-09,1.00E-09
CH3OOH + HO2 <=> CH3OO + H2O2,1.00E-09,1.00E-09,1.00E-09
CH3OO + H <=> CH3O + OH,1.00E-09,1.00E-09,1.00E-09
CH3OO + O <=> CH3O + O2,1.00E-09,1.00E-09,1.00E-09
CH3OO + OH <=> CH3OH + O2,1.00E-09,1.00E-09,1.00E-09
CH3OO + HO2 <=> CH3OOH + O2,1.00E-09,1.00E-09,1.00E-09
CH3 + CH3OO <=> 2 CH3O,1.00E-09,1.00E-09,1.00E-09
CH3 + CH3OOH <=> CH3OO + CH4,1.00E-09,1.00E-09,1.00E-09
CH2OH + CH3OO <=> CH2O + CH3OOH,1.00E-09,1.00E-09,1.00E-09
CH3OO + HCO <=> CH3O + CO2 + H,1.00E-09,1.00E-09,1.00E-09
CH3OO + CO <=> CH3O + CO2,1.00E-09,1.00E-09,1.00E-09
CH2O + CH3OO <=> CH3OOH + HCO,1.00E-09,1.00E-09,1.00E-09
CH2O + CH3OO <=> CH3OOH + CO + H,1.00E-09,1.00E-09,1.00E-09
CH3O + CH3OO <=> CH2O + CH3OOH,1.00E-09,1.00E-09,1.00E-09
CH3OH + CH3OO <=> CH2OH + CH3OOH,1.00E-09,1.00E-09,1.00E-09
2 CH3OO <=> 2 CH3O + O2,1.00E-09,1.00E-09,1.00E-09
2 CH3OO <=> 2 CH3O + O2,1.00E-09,1.00E-09,1.00E-09
2 CH3OO <=> CH2O + CH3OH + O2,1.00E-09,1.00E-09,1.00E-09
CH2OOH <=> CH2O + OH,1.00E-09,1.00E-09,1.00E-09
HCOH <=> CH2O,1.00E-09,1.00E-09,1.00E-09
HCOH <=> CO + H2,1.00E-09,1.00E-09,1.00E-09
H + HCOH <=> CH2O + H,1.00E-09,1.00E-09,1.00E-09
H + HCOH <=> H2 + HCO,1.00E-09,1.00E-09,1.00E-09
H + HCOH <=> CO + H + H2,1.00E-09,1.00E-09,1.00E-09
HCOH + O <=> CO2 + 2 H,1.00E-09,1.00E-09,1.00E-09
HCOH + OH <=> H2O + HCO,1.00E-09,1.00E-09,1.00E-09
HCOH + OH <=> CO + H + H2O,1.00E-09,1.00E-09,1.00E-09
CH2O + OH <=> HOCH2O,1.00E-09,1.00E-09,1.00E-09
HOCH2O <=> H + HOCHO,1.00E-09,1.00E-09,1.00E-09
2 CH3 (+M) <=> C2H6 (+M),1.00E-09,1.00E-09,1.00E-09
C2H6 + H <=> C2H5 + H2,1.00E-09,1.00E-09,1.00E-09
C2H6 + H <=> C2H5 + H2,1.00E-09,1.00E-09,1.00E-09
C2H6 + O <=> C2H5 + OH,1.00E-09,1.00E-09,1.00E-09
C2H6 + OH <=> C2H5 + H2O,1.00E-09,1.00E-09,1.00E-09
C2H6 + HO2 <=> C2H5 + H2O2,1.00E-09,1.00E-09,1.00E-09
C2H6 + O2 <=> C2H5 + HO2,1.00E-09,1.00E-09,1.00E-09
C2H6 + CH3 <=> C2H5 + CH4,1.00E-09,1.00E-09,1.00E-09
C2H6 + CH2(S) <=> C2H5 + CH3,1.00E-09,1.00E-09,1.00E-09
C2H6 + CH3OO <=> C2H5 + CH3OOH,1.00E-09,1.00E-09,1.00E-09
C2H4 + H (+M) <=> C2H5 (+M),1.00E-09,1.00E-09,1.00E-09
C2H5 + H (+M) <=> C2H6 (+M),1.00E-09,1.00E-09,1.00E-09
C2H5 + O <=> CH2O + CH3,1.00E-09,1.00E-09,1.00E-09
C2H5 + O <=> CH3CHO + H,1.00E-09,1.00E-09,1.00E-09
C2H5 + O <=> C2H4 + OH,1.00E-09,1.00E-09,1.00E-09
C2H5 + OH <=> C2H4 + H2O,1.00E-09,1.00E-09,1.00E-09
C2H5 + OH <=> CH2OH + CH3,1.00E-09,1.00E-09,1.00E-09
C2H5 + HO2 <=> CH3CH2O + OH,1.00E-09,1.00E-09,1.00E-09
C2H5 + O2 <=> CH3CH2OO,1.00E-09,1.00E-09,1.00E-09
C2H5 + O2 <=> C2H4 + HO2,1.00E-09,1.00E-09,1.00E-09
C2H5 + O2 <=> CH2CH2OOH,1.00E-09,1.00E-09,1.00E-09
C2H5 + O2 <=> OH + cC2H4O,1.00E-09,1.00E-09,1.00E-09
C2H6 + HCO <=> C2H5 + CH2O,1.00E-09,1.00E-09,1.00E-09
C2H5 + HCO <=> C2H6 + CO,1.00E-09,1.00E-09,1.00E-09
C2H5 + HCO <=> CH2CHO + CH3,1.00E-09,1.00E-09,1.00E-09
C2H5 + CH3 <=> C2H4 + CH4,1.00E-09,1.00E-09,1.00E-09
C2H5 + CH3OO <=> CH3CH2O + CH3O,1.00E-09,1.00E-09,1.00E-09
2 C2H5 <=> C2H4 + C2H6,1.00E-09,1.00E-09,1.00E-09
C2H3 + H (+M) <=> C2H4 (+M),1.00E-09,1.00E-09,1.00E-09
C2H4 (+M) <=> H2 + H2CC (+M),1.00E-09,1.00E-09,1.00E-09
C2H4 + H <=> C2H3 + H2,1.00E-09,1.00E-09,1.00E-09
C2H4 + O <=> CH3 + HCO,1.00E-09,1.00E-09,1.00E-09
C2H4 + O <=> CH3 + CO + H,1.00E-09,1.00E-09,1.00E-09
C2H4 + O <=> CH3CO + H,1.00E-09,1.00E-09,1.00E-09
C2H4 + O <=> CH2CHO + H,1.00E-09,1.00E-09,1.00E-09
C2H4 + O <=> CH2 + CH2O,1.00E-09,1.00E-09,1.00E-09
C2H4 + O <=> CH2CO + H2,1.00E-09,1.00E-09,1.00E-09
C2H4 + OH <=> C2H3 + H2O,1.00E-09,1.00E-09,1.00E-09
C2H4 + OH <=> CH2O + CH3,1.00E-09,1.00E-09,1.00E-09
C2H4 + OH <=> CH3CHO + H,1.00E-09,1.00E-09,1.00E-09
C2H4 + OH <=> CH2CHOH + H,1.00E-09,1.00E-09,1.00E-09
C2H4 + OH <=> CH2CH2OH,1.00E-09,1.00E-09,1.00E-09
C2H4 + OH <=> CH2CH2OH,1.00E-09,1.00E-09,1.00E-09
C2H4 + HO2 <=> CH2CH2OOH,1.00E-09,1.00E-09,1.00E-09
C2H4 + HO2 <=> OH + cC2H4O,1.00E-09,1.00E-09,1.00E-09
C2H4 + O2 <=> C2H3 + HO2,1.00E-09,1.00E-09,1.00E-09
C2H4 + CH3 <=> C2H3 + CH4,1.00E-09,1.00E-09,1.00E-09
C2H4 + CH3 <=> C2H3 + CH4,1.00E-09,1.00E-09,1.00E-09
C2H4 + CH2(S) <=> C2H3 + CH3,1.00E-09,1.00E-09,1.00E-09
C2H4 + CH2(S) <=> C2H3 + CH3,1.00E-09,1.00E-09,1.00E-09
C2H2 + H (+M) <=> C2H3 (+M),1.00E-09,1.00E-09,1.00E-09
C2H3 + H <=> C2H2 + H2,1.00E-09,1.00E-09,1.00E-09
C2H3 + O <=> CH2CO + H,1.00E-09,1.00E-09,1.00E-09
C2H3 + OH <=> C2H2 + H2O,1.00E-09,1.00E-09,1.00E-09
C2H3 + HO2 <=> CH2CHO + OH,1.00E-09,1.00E-09,1.00E-09
C2H3 + O2 <=> CH2CHOO,1.00E-09,1.00E-09,1.00E-09
C2H3 + O2 <=> CH2CHOO,1.00E-09,1.00E-09,1.00E-09
C2H3 + O2 <=> CHCHO + OH,1.00E-09,1.00E-09,1.00E-09
C2H3 + O2 <=> CHCHO + OH,1.00E-09,1.00E-09,1.00E-09
C2H3 + O2 <=> CH2CO + OH,1.00E-09,1.00E-09,1.00E-09
C2H3 + O2 <=> CH2CO + OH,1.00E-09,1.00E-09,1.00E-09
C2H3 + O2 <=> CH2CHO + O,1.00E-09,1.00E-09,1.00E-09
C2H3 + O2 <=> CH2CHO + O,1.00E-09,1.00E-09,1.00E-09
C2H3 + O2 <=> C2H2 + HO2,1.00E-09,1.00E-09,1.00E-09
C2H3 + O2 <=> C2H2 + HO2,1.00E-09,1.00E-09,1.00E-09
C2H3 + O2 <=> H + OCHCHO,1.00E-09,1.00E-09,1.00E-09
C2H3 + O2 <=> H + OCHCHO,1.00E-09,1.00E-09,1.00E-09
C2H3 + O2 <=> CH2O + HCO,1.00E-09,1.00E-09,1.00E-09
C2H3 + O2 <=> CH2O + HCO,1.00E-09,1.00E-09,1.00E-09
C2H3 + O2 <=> CH2O + CO + H,1.00E-09,1.00E-09,1.00E-09
C2H3 + O2 <=> CH2O + CO + H,1.00E-09,1.00E-09,1.00E-09
C2H3 + O2 <=> CH3O + CO,1.00E-09,1.00E-09,1.00E-09
C2H3 + O2 <=> CH3O + CO,1.00E-09,1.00E-09,1.00E-09
C2H3 + O2 <=> CH3 + CO2,1.00E-09,1.00E-09,1.00E-09
C2H3 + O2 <=> CH3 + CO2,1.00E-09,1.00E-09,1.00E-09
C2H3 + CH2O <=> C2H4 + HCO,1.00E-09,1.00E-09,1.00E-09
C2H3 + CH2O <=> C2H4 + CO + H,1.00E-09,1.00E-09,1.00E-09
C2H3 + HCO <=> C2H4 + CO,1.00E-09,1.00E-09,1.00E-09
C2H3 + CH3 <=> C2H2 + CH4,1.00E-09,1.00E-09,1.00E-09
C2H3 + CH <=> C2H2 + CH2,1.00E-09,1.00E-09,1.00E-09
C2H3 + CH3OH <=> C2H4 + CH3O,1.00E-09,1.00E-09,1.00E-09
C2H3 + CH3OH <=> C2H4 + CH2OH,1.00E-09,1.00E-09,1.00E-09
2 C2H3 <=> C2H2 + C2H4,1.00E-09,1.00E-09,1.00E-09
C2H + C2H3 <=> 2 C2H2,1.00E-09,1.00E-09,1.00E-09
C2H2 + M <=> C2H + H + M,1.00E-09,1.00E-09,1.00E-09
C2H2 (+M) <=> H2CC (+M),1.00E-09,1.00E-09,1.00E-09
C2H + H2 <=> C2H2 + H,1.00E-09,1.00E-09,1.00E-09
C2H2 + O <=> H + HCCO,1.00E-09,1.00E-09,1.00E-09
C2H2 + O <=> CH2 + CO,1.00E-09,1.00E-09,1.00E-09
C2H2 + OH <=> CH3 + CO,1.00E-09,1.00E-09,1.00E-09
C2H2 + OH <=> H + HCCOH,1.00E-09,1.00E-09,1.00E-09
C2H2 + OH <=> CHCHOH,1.00E-09,1.00E-09,1.00E-09
C2H2 + OH <=> CHCHOH,1.00E-09,1.00E-09,1.00E-09
C2H2 + OH <=> CH2CO + H,1.00E-09,1.00E-09,1.00E-09
C2H2 + OH <=> C2H + H2O,1.00E-09,1.00E-09,1.00E-09
C2H2 + HO2 <=> CH2CHOO,1.00E-09,1.00E-09,1.00E-09
C2H2 + HO2 <=> CH2CHOO,1.00E-09,1.00E-09,1.00E-09
C2H2 + HO2 <=> CHCHO + OH,1.00E-09,1.00E-09,1.00E-09
C2H2 + HO2 <=> CHCHO + OH,1.00E-09,1.00E-09,1.00E-09
C2H2 + HO2 <=> CH2CO + OH,1.00E-09,1.00E-09,1.00E-09
C2H2 + HO2 <=> CH2CO + OH,1.00E-09,1.00E-09,1.00E-09
C2H2 + HO2 <=> CH2CHO + O,1.00E-09,1.00E-09,1.00E-09
C2H2 + HO2 <=> CH2CHO + O,1.00E-09,1.00E-09,1.00E-09
C2H2 + HO2 <=> H + OCHCHO,1.00E-09,1.00E-09,1.00E-09
C2H2 + HO2 <=> H + OCHCHO,1.00E-09,1.00E-09,1.00E-09
C2H2 + HO2 <=> CH2O + HCO,1.00E-09,1.00E-09,1.00E-09
C2H2 + HO2 <=> CH2O + HCO,1.00E-09,1.00E-09,1.00E-09
C2H2 + HO2 <=> CH2O + CO + H,1.00E-09,1.00E-09,1.00E-09
C2H2 + HO2 <=> CH2O + CO + H,1.00E-09,1.00E-09,1.00E-09
C2H2 + HO2 <=> CH3O + CO,1.00E-09,1.00E-09,1.00E-09
C2H2 + HO2 <=> CH3O + CO,1.00E-09,1.00E-09,1.00E-09
C2H2 + HO2 <=> CH3 + CO2,1.00E-09,1.00E-09,1.00E-09
C2H2 + HO2 <=> CH3 + CO2,1.00E-09,1.00E-09,1.00E-09
C2H2 + O2 <=> 2 HCO,1.00E-09,1.00E-09,1.00E-09
C2H2 + O2 <=> 2 HCO,1.00E-09,1.00E-09,1.00E-09
C2H2 + O2 <=> CO + H + HCO,1.00E-09,1.00E-09,1.00E-09
C2H2 + O2 <=> CO + H + HCO,1.00E-09,1.00E-09,1.00E-09
C2H2 + O2 <=> 2 CO + 2 H,1.00E-09,1.00E-09,1.00E-09
C2H2 + CH2(S) <=> C2H2 + CH2,1.00E-09,1.00E-09,1.00E-09
H + H2CC <=> C2H2 + H,1.00E-09,1.00E-09,1.00E-09
H2CC + OH <=> CH2CO + H,1.00E-09,1.00E-09,1.00E-09
H2CC + O2 <=> CH2 + CO2,1.00E-09,1.00E-09,1.00E-09
C2 + H2 <=> C2H + H,1.00E-09,1.00E-09,1.00E-09
C2H + O <=> CH + CO,1.00E-09,1.00E-09,1.00E-09
C2H + OH <=> H + HCCO,1.00E-09,1.00E-09,1.00E-09
C2H + OH <=> C2 + H2O,1.00E-09,1.00E-09,1.00E-09
C2H + O2 <=> 2 CO + H,1.00E-09,1.00E-09,1.00E-09
C2H + CH4 <=> C2H2 + CH3,1.00E-09,1.00E-09,1.00E-09
C2 + M <=> 2 C + M,1.00E-09,1.00E-09,1.00E-09
C2 + O <=> C + CO,1.00E-09,1.00E-09,1.00E-09
C2 + OH <=> C2O + H,1.00E-09,1.00E-09,1.00E-09
C2 + O2 <=> 2 CO,1.00E-09,1.00E-09,1.00E-09
CH3CH2OH <=> CH2OH + CH3,1.00E-09,1.00E-09,1.00E-09
CH3CH2OH <=> C2H5 + OH,1.00E-09,1.00E-09,1.00E-09
CH3CH2OH <=> C2H4 + H2O,1.00E-09,1.00E-09,1.00E-09
CH3CHOH + H <=> CH3CH2OH,1.00E-09,1.00E-09,1.00E-09
CH3CH2OH + H <=> CH3CHOH + H2,1.00E-09,1.00E-09,1.00E-09
CH3CH2OH + H <=> CH2CH2OH + H2,1.00E-09,1.00E-09,1.00E-09
CH3CH2OH + H <=> CH3CH2O + H2,1.00E-09,1.00E-09,1.00E-09
CH3CH2OH + O <=> CH2CH2OH + OH,1.00E-09,1.00E-09,1.00E-09
CH3CH2OH + O <=> CH3CHOH + OH,1.00E-09,1.00E-09,1.00E-09
CH3CH2OH + O <=> CH3CH2O + OH,1.00E-09,1.00E-09,1.00E-09
CH3CH2OH + OH <=> CH3CHOH + H2O,1.00E-09,1.00E-09,1.00E-09
CH3CH2OH + OH <=> CH2CH2OH + H2O,1.00E-09,1.00E-09,1.00E-09
CH3CH2OH + OH <=> CH3CH2O + H2O,1.00E-09,1.00E-09,1.00E-09
CH3CH2OH + OH <=> CH3CH2O + H2O,1.00E-09,1.00E-09,1.00E-09
CH3CH2OH + HO2 <=> CH3CHOH + H2O2,1.00E-09,1.00E-09,1.00E-09
CH3CH2OH + HO2 <=> CH2CH2OH + H2O2,1.00E-09,1.00E-09,1.00E-09
CH3CH2OH + HO2 <=> CH3CH2O + H2O2,1.00E-09,1.00E-09,1.00E-09
CH3 + CH3CH2OH <=> CH3CHOH + CH4,1.00E-09,1.00E-09,1.00E-09
CH3 + CH3CH2OH <=> CH2CH2OH + CH4,1.00E-09,1.00E-09,1.00E-09
CH3 + CH3CH2OH <=> CH3CH2O + CH4,1.00E-09,1.00E-09,1.00E-09
CH3CHOH (+M) <=> CH3CHO + H (+M),1.00E-09,1.00E-09,1.00E-09
CH3CHOH (+M) <=> CH2CHOH + H (+M),1.00E-09,1.00E-09,1.00E-09
CH3CHOH (+M) <=> CH2O + CH3 (+M),1.00E-09,1.00E-09,1.00E-09
CH3CHOH + H <=> CH2CHOH + H2,1.00E-09,1.00E-09,1.00E-09
CH3CHOH + H <=> C2H4 + H2O,1.00E-09,1.00E-09,1.00E-09
CH3CHOH + H <=> CH2OH + CH3,1.00E-09,1.00E-09,1.00E-09
CH3CHOH + H <=> C2H5 + OH,1.00E-09,1.00E-09,1.00E-09
CH3CHOH + O <=> CH3CHO + OH,1.00E-09,1.00E-09,1.00E-09
CH3CHOH + OH <=> CH3CHO + H2O,1.00E-09,1.00E-09,1.00E-09
CH3CHOH + HO2 <=> CH3CHO + 2 OH,1.00E-09,1.00E-09,1.00E-09
CH3CHOH + O2 <=> CH3CHO + HO2,1.00E-09,1.00E-09,1.00E-09
CH3CHOH + O2 <=> CH2CHOH + HO2,1.00E-09,1.00E-09,1.00E-09
CH2CH2OH <=> CH2CHOH + H,1.00E-09,1.00E-09,1.00E-09
CH2CH2OH + H <=> C2H4 + H2O,1.00E-09,1.00E-09,1.00E-09
CH2CH2OH + H <=> CH2OH + CH3,1.00E-09,1.00E-09,1.00E-09
CH2CH2OH + H <=> C2H5 + OH,1.00E-09,1.00E-09,1.00E-09
CH2CH2OH + H (+M) <=> CH3CH2OH (+M),1.00E-09,1.00E-09,1.00E-09
CH2CH2OH + O <=> CH2O + CH2OH,1.00E-09,1.00E-09,1.00E-09
CH2CH2OH + OH <=> CH2CHOH + H2O,1.00E-09,1.00E-09,1.00E-09
CH2CH2OH + HO2 <=> CH3CH2OH + O2,1.00E-09,1.00E-09,1.00E-09
CH2CH2OH + HO2 => CH2O + CH2OH + OH,1.00E-09,1.00E-09,1.00E-09
CH2CH2OH + O2 <=> HOCH2CH2OO,1.00E-09,1.00E-09,1.00E-09
CH2CH2OH + O2 <=> CH2CHOH + HO2,1.00E-09,1.00E-09,1.00E-09
CH2CH2OH + O2 <=> CH2CHOH + HO2,1.00E-09,1.00E-09,1.00E-09
CH2CH2OH + O2 <=> 2 CH2O + OH,1.00E-09,1.00E-09,1.00E-09
CH3CH2O (+M) <=> CH2O + CH3 (+M),1.00E-09,1.00E-09,1.00E-09
CH3CHO + H <=> CH3CH2O,1.00E-09,1.00E-09,1.00E-09
CH3CH2O + H (+M) <=> CH2OH + CH3 (+M),1.00E-09,1.00E-09,1.00E-09
CH3CH2O + H <=> CH3CHO + H2,1.00E-09,1.00E-09,1.00E-09
CH3CH2O + OH <=> CH3CHO + H2O,1.00E-09,1.00E-09,1.00E-09
CH3CH2O + O2 <=> CH3CHO + HO2,1.00E-09,1.00E-09,1.00E-09
CH3CH2O + CO <=> C2H5 + CO2,1.00E-09,1.00E-09,1.00E-09
CH3CHO (+M) <=> CH3 + HCO (+M),1.00E-09,1.00E-09,1.00E-09
CH3CHO <=> CH2CO + H2,1.00E-09,1.00E-09,1.00E-09
CH3CHO <=> CH4 + CO,1.00E-09,1.00E-09,1.00E-09
CH3CHO <=> CH2CHOH,1.00E-09,1.00E-09,1.00E-09
CH3CHO + H <=> CH3CO + H2,1.00E-09,1.00E-09,1.00E-09
CH3CHO + H <=> CH2CHO + H2,1.00E-09,1.00E-09,1.00E-09
CH3CHO + O <=> CH3CO + OH,1.00E-09,1.00E-09,1.00E-09
CH3CHO + O <=> CH2CHO + OH,1.00E-09,1.00E-09,1.00E-09
CH3CHO + OH <=> CH3CO + H2O,1.00E-09,1.00E-09,1.00E-09
CH3CHO + OH <=> CH2CHO + H2O,1.00E-09,1.00E-09,1.00E-09
CH3CHO + HO2 <=> CH3CO + H2O2,1.00E-09,1.00E-09,1.00E-09
CH3CHO + HO2 <=> CH2CHO + H2O2,1.00E-09,1.00E-09,1.00E-09
CH3CHO + O2 <=> CH3CO + HO2,1.00E-09,1.00E-09,1.00E-09
CH3CHO + O2 <=> CH2CHO + HO2,1.00E-09,1.00E-09,1.00E-09
CH3 + CH3CHO <=> CH3CO + CH4,1.00E-09,1.00E-09,1.00E-09
CH3 + CH3CHO <=> CH2CHO + CH4,1.00E-09,1.00E-09,1.00E-09
CH3CHO + CH3O <=> CH3CO + CH3OH,1.00E-09,1.00E-09,1.00E-09
CH3CHO + CH3O <=> CH2CHO + CH3OH,1.00E-09,1.00E-09,1.00E-09
CH3CHO + CH3OO <=> CH3CO + CH3OOH,1.00E-09,1.00E-09,1.00E-09
CH3CHO + CH3OO <=> CH2CHO + CH3OOH,1.00E-09,1.00E-09,1.00E-09
C2H3 + CH3CHO <=> C2H4 + CH2CHO,1.00E-09,1.00E-09,1.00E-09
C2H3 + CH3CHO <=> C2H4 + CH3CO,1.00E-09,1.00E-09,1.00E-09
cC2H4O <=> CH2CHO + H,1.00E-09,1.00E-09,1.00E-09
cC2H4O <=> CH3 + HCO,1.00E-09,1.00E-09,1.00E-09
cC2H4O <=> CH3CO + H,1.00E-09,1.00E-09,1.00E-09
cC2H4O <=> CH2CO + H2,1.00E-09,1.00E-09,1.00E-09
cC2H4O <=> CH3CHO,1.00E-09,1.00E-09,1.00E-09
cC2H4O <=> C2H2 + H2O,1.00E-09,1.00E-09,1.00E-09
H + cC2H4O <=> CH3CHO + H,1.00E-09,1.00E-09,1.00E-09
H + cC2H4O <=> H2 + cC2H3O,1.00E-09,1.00E-09,1.00E-09
H + cC2H4O <=> C2H3 + H2O,1.00E-09,1.00E-09,1.00E-09
H + cC2H4O <=> C2H4 + OH,1.00E-09,1.00E-09,1.00E-09
O + cC2H4O <=> OH + cC2H3O,1.00E-09,1.00E-09,1.00E-09
OH + cC2H4O <=> H2O + cC2H3O,1.00E-09,1.00E-09,1.00E-09
HO2 + cC2H4O <=> H2O2 + cC2H3O,1.00E-09,1.00E-09,1.00E-09
O2 + cC2H4O <=> HO2 + cC2H3O,1.00E-09,1.00E-09,1.00E-09
CH3 + cC2H4O <=> CH4 + cC2H3O,1.00E-09,1.00E-09,1.00E-09
CH2CHOH + H <=> CH2CHO + H2,1.00E-09,1.00E-09,1.00E-09
CH2CHOH + H <=> CHCHOH + H2,1.00E-09,1.00E-09,1.00E-09
CH2CHOH + O <=> CH2OH + HCO,1.00E-09,1.00E-09,1.00E-09
CH2CHOH + O <=> CH2OH + HCO,1.00E-09,1.00E-09,1.00E-09
CH2CHOH + O <=> CH2OH + CO + H,1.00E-09,1.00E-09,1.00E-09
CH2CHOH + O <=> CH2OH + CO + H,1.00E-09,1.00E-09,1.00E-09
CH2CHOH + O <=> CH2CHO + OH,1.00E-09,1.00E-09,1.00E-09
CH2CHOH + OH <=> CHCHOH + H2O,1.00E-09,1.00E-09,1.00E-09
CH2CHOH + OH <=> CH2CHO + H2O,1.00E-09,1.00E-09,1.00E-09
CH2CHOH + OH <=> CH2CHO + H2O,1.00E-09,1.00E-09,1.00E-09
CH2CHOH + HO2 <=> CH2CHO + H2O2,1.00E-09,1.00E-09,1.00E-09
CH2CHOH + HO2 <=> CH3CHO + HO2,1.00E-09,1.00E-09,1.00E-09
CH2CHOH + O2 => CH2O + HCO + OH,1.00E-09,1.00E-09,1.00E-09
CH2CHOH + O2 => CH2O + HCO + OH,1.00E-09,1.00E-09,1.00E-09
CH2CHOH + O2 => CH2O + CO + H + OH,1.00E-09,1.00E-09,1.00E-09
CHCHOH <=> H + HCCOH,1.00E-09,1.00E-09,1.00E-09
CHCHOH + H <=> CH2CHO + H,1.00E-09,1.00E-09,1.00E-09
CHCHOH + H <=> H2 + HCCOH,1.00E-09,1.00E-09,1.00E-09
CHCHOH + O <=> H + OCHCHO,1.00E-09,1.00E-09,1.00E-09
CHCHOH + OH <=> H2O + HCCOH,1.00E-09,1.00E-09,1.00E-09
CHCHOH + O2 <=> OCHCHO + OH,1.00E-09,1.00E-09,1.00E-09
CHCHOH + O2 <=> HCO + HOCHO,1.00E-09,1.00E-09,1.00E-09
CHCHOH + O2 <=> HCO + HOCHO,1.00E-09,1.00E-09,1.00E-09
CHCHOH + O2 <=> CO + H + HOCHO,1.00E-09,1.00E-09,1.00E-09
CH2O + CHCHOH <=> CH2CHOH + HCO,1.00E-09,1.00E-09,1.00E-09
CH2O + CHCHOH <=> CH2CHOH + HCO,1.00E-09,1.00E-09,1.00E-09
CH2O + CHCHOH <=> CH2CHOH + CO + H,1.00E-09,1.00E-09,1.00E-09
CHCHOH + HCO <=> CH2CHOH + CO,1.00E-09,1.00E-09,1.00E-09
CH3 + CHCHOH <=> CH4 + HCCOH,1.00E-09,1.00E-09,1.00E-09
cC2H3O <=> CH2CHO,1.00E-09,1.00E-09,1.00E-09
cC2H3O <=> CH2CO + H,1.00E-09,1.00E-09,1.00E-09
cC2H3O <=> CH3 + CO,1.00E-09,1.00E-09,1.00E-09
CH3CO <=> CH3 + CO,1.00E-09,1.00E-09,1.00E-09
CH2CO + H <=> CH3CO,1.00E-09,1.00E-09,1.00E-09
CH3CO + H <=> CH3 + HCO,1.00E-09,1.00E-09,1.00E-09
CH3CO + H <=> CH3 + HCO,1.00E-09,1.00E-09,1.00E-09
CH3CO + H <=> CH3 + CO + H,1.00E-09,1.00E-09,1.00E-09
CH3CO + H <=> CH2CO + H2,1.00E-09,1.00E-09,1.00E-09
CH3CO + O <=> CH3 + CO2,1.00E-09,1.00E-09,1.00E-09
CH3CO + O <=> CH2CO + OH,1.00E-09,1.00E-09,1.00E-09
CH3CO + OH <=> CH2CO + H2O,1.00E-09,1.00E-09,1.00E-09
CH3CO + O2 <=> CH3C(O)OO,1.00E-09,1.00E-09,1.00E-09
CH3CO + O2 <=> CH2CO + HO2,1.00E-09,1.00E-09,1.00E-09
CH3CO + O2 <=> CH2O + CO + OH,1.00E-09,1.00E-09,1.00E-09
CH3 + CH3CO <=> C2H6 + CO,1.00E-09,1.00E-09,1.00E-09
CH3 + CH3CO <=> CH2CO + CH4,1.00E-09,1.00E-09,1.00E-09
CH3CO + CH3OO <=> CH3 + CH3O + CO2,1.00E-09,1.00E-09,1.00E-09
CH2CHO <=> CH2CO + H,1.00E-09,1.00E-09,1.00E-09
CH2CHO <=> CH3 + CO,1.00E-09,1.00E-09,1.00E-09
CH2CHO + H <=> CH3 + HCO,1.00E-09,1.00E-09,1.00E-09
CH2CHO + H <=> CH3 + HCO,1.00E-09,1.00E-09,1.00E-09
CH2CHO + H <=> CH3 + CO + H,1.00E-09,1.00E-09,1.00E-09
CH2CHO + H <=> CH3CO + H,1.00E-09,1.00E-09,1.00E-09
CH2CHO + O <=> CH2O + HCO,1.00E-09,1.00E-09,1.00E-09
CH2CHO + O <=> CH2O + CO + H,1.00E-09,1.00E-09,1.00E-09
CH2CHO + OH <=> CH2CO + H2O,1.00E-09,1.00E-09,1.00E-09
CH2CHO + OH <=> CH2OH + HCO,1.00E-09,1.00E-09,1.00E-09
CH2CHO + OH <=> CH2OH + CO + H,1.00E-09,1.00E-09,1.00E-09
CH2CHO + HO2 <=> CH2O + HCO + OH,1.00E-09,1.00E-09,1.00E-09
CH2CHO + O2 <=> CH2O + CO + OH,1.00E-09,1.00E-09,1.00E-09
CH2 + CH2CHO <=> C2H4 + HCO,1.00E-09,1.00E-09,1.00E-09
CH2 + CH2CHO <=> C2H4 + CO + H,1.00E-09,1.00E-09,1.00E-09
CH + CH2CHO <=> C2H3 + HCO,1.00E-09,1.00E-09,1.00E-09
CH + CH2CHO <=> C2H3 + CO + H,1.00E-09,1.00E-09,1.00E-09
CHCHO + H <=> CH2CO + H,1.00E-09,1.00E-09,1.00E-09
CHCHO + O2 <=> CO2 + H + HCO,1.00E-09,1.00E-09,1.00E-09
CHCHO + O2 <=> O + OCHCHO,1.00E-09,1.00E-09,1.00E-09
CH2 + CO (+M) <=> CH2CO (+M),1.00E-09,1.00E-09,1.00E-09
CH2CO + H <=> CH3 + CO,1.00E-09,1.00E-09,1.00E-09
CH2CO + H <=> H2 + HCCO,1.00E-09,1.00E-09,1.00E-09
CH2CO + O <=> CH2 + CO2,1.00E-09,1.00E-09,1.00E-09
CH2CO + OH <=> CH2OH + CO,1.00E-09,1.00E-09,1.00E-09
CH2CO + OH <=> CH3 + CO2,1.00E-09,1.00E-09,1.00E-09
CH2CO + OH <=> H2O + HCCO,1.00E-09,1.00E-09,1.00E-09
CH2(S) + CH2CO <=> C2H4 + CO,1.00E-09,1.00E-09,1.00E-09
H + HCCOH <=> H2 + HCCO,1.00E-09,1.00E-09,1.00E-09
HCCOH + OH <=> H2O + HCCO,1.00E-09,1.00E-09,1.00E-09
CH + CO (+M) <=> HCCO (+M),1.00E-09,1.00E-09,1.00E-09
H + HCCO <=> CH2(S) + CO,1.00E-09,1.00E-09,1.00E-09
HCCO + O <=> 2 CO + H,1.00E-09,1.00E-09,1.00E-09
HCCO + OH <=> C2O + H2O,1.00E-09,1.00E-09,1.00E-09
HCCO + OH <=> CH2CO + O,1.00E-09,1.00E-09,1.00E-09
HCCO + OH <=> CO + HCOH,1.00E-09,1.00E-09,1.00E-09
HCCO + OH <=> CO + HCOH,1.00E-09,1.00E-09,1.00E-09
HCCO + OH <=> CO + HCOH,1.00E-09,1.00E-09,1.00E-09
HCCO + OH <=> CH2O + CO,1.00E-09,1.00E-09,1.00E-09
HCCO + OH <=> H + OCHCO,1.00E-09,1.00E-09,1.00E-09
HCCO + OH <=> CH2 + CO2,1.00E-09,1.00E-09,1.00E-09
HCCO + O2 <=> CO + CO2 + H,1.00E-09,1.00E-09,1.00E-09
HCCO + O2 <=> 2 CO + OH,1.00E-09,1.00E-09,1.00E-09
HCCO + O2 <=> CO + HCO + O,1.00E-09,1.00E-09,1.00E-09
HCCO + O2 <=> 2 CO + H + O,1.00E-09,1.00E-09,1.00E-09
CH2 + HCCO <=> C2H3 + CO,1.00E-09,1.00E-09,1.00E-09
CH + HCCO <=> C2H2 + CO,1.00E-09,1.00E-09,1.00E-09
2 HCCO <=> C2H2 + 2 CO,1.00E-09,1.00E-09,1.00E-09
C2O + M <=> C + CO + M,1.00E-09,1.00E-09,1.00E-09
C2O + H <=> CH + CO,1.00E-09,1.00E-09,1.00E-09
C2O + O <=> 2 CO,1.00E-09,1.00E-09,1.00E-09
C2O + OH <=> 2 CO + H,1.00E-09,1.00E-09,1.00E-09
C2O + O2 <=> 2 CO + O,1.00E-09,1.00E-09,1.00E-09
C2O + O2 <=> CO + CO2,1.00E-09,1.00E-09,1.00E-09
C + C2O <=> C2 + CO,1.00E-09,1.00E-09,1.00E-09
CH3CH2OOH <=> CH3CH2O + OH,1.00E-09,1.00E-09,1.00E-09
CH3CH2OOH + H <=> CH3CHOOH + H2,1.00E-09,1.00E-09,1.00E-09
CH3CH2OOH + H <=> CH3CH2OO + H2,1.00E-09,1.00E-09,1.00E-09
CH3CH2OOH + H <=> CH3CH2O + H2O,1.00E-09,1.00E-09,1.00E-09
CH3CH2OOH + O <=> CH3CHOOH + OH,1.00E-09,1.00E-09,1.00E-09
CH3CH2OOH + O <=> CH3CH2OO + OH,1.00E-09,1.00E-09,1.00E-09
CH3CH2OOH + OH <=> CH3CHOOH + H2O,1.00E-09,1.00E-09,1.00E-09
CH3CH2OOH + OH <=> CH3CH2OO + H2O,1.00E-09,1.00E-09,1.00E-09
CH3CH2OOH + HO2 <=> CH3CH2OO + H2O2,1.00E-09,1.00E-09,1.00E-09
CH3CHOOH <=> CH3CHO + OH,1.00E-09,1.00E-09,1.00E-09
CH3CH2OO <=> CH2CH2OOH,1.00E-09,1.00E-09,1.00E-09
CH3CH2OO <=> C2H4 + HO2,1.00E-09,1.00E-09,1.00E-09
CH3CH2OO <=> OH + cC2H4O,1.00E-09,1.00E-09,1.00E-09
CH3CH2OO + H <=> CH3CH2O + OH,1.00E-09,1.00E-09,1.00E-09
CH3CH2OO + O <=> CH3CH2O + O2,1.00E-09,1.00E-09,1.00E-09
CH3CH2OO + OH <=> CH3CH2OH + O2,1.00E-09,1.00E-09,1.00E-09
CH3CH2OO + HO2 <=> CH3CH2OOH + O2,1.00E-09,1.00E-09,1.00E-09
CH3CH2OO + CO <=> CH3CH2O + CO2,1.00E-09,1.00E-09,1.00E-09
CH3 + CH3CH2OO <=> CH3CH2O + CH3O,1.00E-09,1.00E-09,1.00E-09
CH3CH2OO + CH4 <=> CH3 + CH3CH2OOH,1.00E-09,1.00E-09,1.00E-09
CH3CH2OO + CH3OH <=> CH2OH + CH3CH2OOH,1.00E-09,1.00E-09,1.00E-09
CH2O + CH3CH2OO <=> CH3CH2OOH + HCO,1.00E-09,1.00E-09,1.00E-09
CH2O + CH3CH2OO <=> CH3CH2OOH + CO + H,1.00E-09,1.00E-09,1.00E-09
C2H6 + CH3CH2OO <=> C2H5 + CH3CH2OOH,1.00E-09,1.00E-09,1.00E-09
C2H5 + CH3CH2OO <=> 2 CH3CH2O,1.00E-09,1.00E-09,1.00E-09
CH3CH2OO + CH3CHO <=> CH3CH2OOH + CH3CO,1.00E-09,1.00E-09,1.00E-09
CH3CH2OO + CH3CHO <=> CH2CHO + CH3CH2OOH,1.00E-09,1.00E-09,1.00E-09
2 CH3CH2OO <=> 2 CH3CH2O + O2,1.00E-09,1.00E-09,1.00E-09
2 CH3CH2OO <=> CH3CH2OH + CH3CHO + O2,1.00E-09,1.00E-09,1.00E-09
CH2CH2OOH <=> OH + cC2H4O,1.00E-09,1.00E-09,1.00E-09
CH2CHOOH <=> CH2CHO + OH,1.00E-09,1.00E-09,1.00E-09
CH2CHOOH + H <=> CH2CHOO + H2,1.00E-09,1.00E-09,1.00E-09
CH2CHOOH + H <=> CH2CHO + H2O,1.00E-09,1.00E-09,1.00E-09
CH2CHOOH + O <=> CH2CHOO + OH,1.00E-09,1.00E-09,1.00E-09
CH2CHOOH + OH <=> CH2CHOO + H2O,1.00E-09,1.00E-09,1.00E-09
CH2CHOOH + HO2 <=> CH2CHOO + H2O2,1.00E-09,1.00E-09,1.00E-09
CH2CHOO <=> CHCHO + OH,1.00E-09,1.00E-09,1.00E-09
CH2CHOO <=> CHCHO + OH,1.00E-09,1.00E-09,1.00E-09
CH2CHOO <=> CH2CHO + O,1.00E-09,1.00E-09,1.00E-09
CH2CHOO <=> CH2CHO + O,1.00E-09,1.00E-09,1.00E-09
CH2CHOO <=> H + OCHCHO,1.00E-09,1.00E-09,1.00E-09
CH2CHOO <=> H + OCHCHO,1.00E-09,1.00E-09,1.00E-09
CH2CHOO <=> CH2CO + OH,1.00E-09,1.00E-09,1.00E-09
CH2CHOO <=> CH2CO + OH,1.00E-09,1.00E-09,1.00E-09
CH2CHOO <=> CH2O + HCO,1.00E-09,1.00E-09,1.00E-09
CH2CHOO <=> CH2O + HCO,1.00E-09,1.00E-09,1.00E-09
CH2CHOO <=> CH2O + CO + H,1.00E-09,1.00E-09,1.00E-09
CH2CHOO <=> CH2O + CO + H,1.00E-09,1.00E-09,1.00E-09
CH2CHOO <=> CH3O + CO,1.00E-09,1.00E-09,1.00E-09
CH2CHOO <=> CH3O + CO,1.00E-09,1.00E-09,1.00E-09
CH2CHOO <=> CH3 + CO2,1.00E-09,1.00E-09,1.00E-09
CH2CHOO <=> CH3 + CO2,1.00E-09,1.00E-09,1.00E-09
CH2CHOO + H <=> CH2CHO + OH,1.00E-09,1.00E-09,1.00E-09
CH2CHOO + O <=> CH2CHO + O2,1.00E-09,1.00E-09,1.00E-09
CH2CHOO + OH <=> CH2CHOH + O2,1.00E-09,1.00E-09,1.00E-09
CH2CHOO + OH <=> CH2CHO + HO2,1.00E-09,1.00E-09,1.00E-09
CH2CHOO + HO2 <=> CH2CHOOH + O2,1.00E-09,1.00E-09,1.00E-09
CH2CHOO + CO <=> CH2CHO + CO2,1.00E-09,1.00E-09,1.00E-09
CH2CHOO + CH3 <=> CH2CHO + CH3O,1.00E-09,1.00E-09,1.00E-09
CH2CHOO + CH4 <=> CH2CHOOH + CH3,1.00E-09,1.00E-09,1.00E-09
CH2CHOO + CH3OH <=> CH2CHOOH + CH2OH,1.00E-09,1.00E-09,1.00E-09
CH2CHOO + CH2O <=> CH2CHOOH + HCO,1.00E-09,1.00E-09,1.00E-09
C2H6 + CH2CHOO <=> C2H5 + CH2CHOOH,1.00E-09,1.00E-09,1.00E-09
OCHCHO <=> CH2O + CO,1.00E-09,1.00E-09,1.00E-09
OCHCHO <=> CO + HCOH,1.00E-09,1.00E-09,1.00E-09
OCHCHO <=> 2 CO + H2,1.00E-09,1.00E-09,1.00E-09
OCHCHO <=> 2 HCO,1.00E-09,1.00E-09,1.00E-09
H + OCHCHO <=> CH2O + HCO,1.00E-09,1.00E-09,1.00E-09
H + OCHCHO <=> CH2O + CO + H,1.00E-09,1.00E-09,1.00E-09
O + OCHCHO <=> OCHCO + OH,1.00E-09,1.00E-09,1.00E-09
OCHCHO + OH <=> H2O + OCHCO,1.00E-09,1.00E-09,1.00E-09
HO2 + OCHCHO <=> CO + HOCHO + OH,1.00E-09,1.00E-09,1.00E-09
HO2 + OCHCHO <=> H2O2 + OCHCO,1.00E-09,1.00E-09,1.00E-09
O2 + OCHCHO <=> HO2 + OCHCO,1.00E-09,1.00E-09,1.00E-09
OCHCO <=> CO + HCO,1.00E-09,1.00E-09,1.00E-09
OCHCO <=> 2 CO + H,1.00E-09,1.00E-09,1.00E-09
O2 + OCHCO <=> CO + CO2 + OH,1.00E-09,1.00E-09,1.00E-09
HOCHO (+M) <=> CO + H2O (+M),1.00E-09,1.00E-09,1.00E-09
HOCHO (+M) <=> CO2 + H2 (+M),1.00E-09,1.00E-09,1.00E-09
H + HOCHO <=> H2 + HOCO,1.00E-09,1.00E-09,1.00E-09
H + HOCHO <=> H2 + OCHO,1.00E-09,1.00E-09,1.00E-09
HOCHO + O <=> HOCO + OH,1.00E-09,1.00E-09,1.00E-09
HOCHO + O <=> OCHO + OH,1.00E-09,1.00E-09,1.00E-09
HOCHO + OH <=> H2O + HOCO,1.00E-09,1.00E-09,1.00E-09
HOCHO + OH <=> H2O + OCHO,1.00E-09,1.00E-09,1.00E-09
HO2 + HOCHO <=> H2O2 + HOCO,1.00E-09,1.00E-09,1.00E-09
HO2 + HOCHO <=> H2O2 + OCHO,1.00E-09,1.00E-09,1.00E-09
HO2 + HOCO <=> HOCHO + O2,1.00E-09,1.00E-09,1.00E-09
HOCHO + O2 <=> HO2 + OCHO,1.00E-09,1.00E-09,1.00E-09
OCHO <=> CO2 + H,1.00E-09,1.00E-09,1.00E-09
O2 + OCHO <=> CO2 + HO2,1.00E-09,1.00E-09,1.00E-09
HOCH2CH2OO <=> 2 CH2O + OH,1.00E-09,1.00E-09,1.00E-09
HOCH2CH2OO <=> CH2CHOH + HO2,1.00E-09,1.00E-09,1.00E-09
HO2 + HOCH2CH2OO => CH2OH + CH2OOH + O2,1.00E-09,1.00E-09,1.00E-09
CH2O + HOCH2CH2OO => CH2OH + CH2OOH + HCO,1.00E-09,1.00E-09,1.00E-09
C2H4 + HOCH2CH2OO => CH2O + CH2OH + CH3CHO,1.00E-09,1.00E-09,1.00E-09
H + NH2 (+M) <=> NH3 (+M),1.00E-09,1.00E-09,1.00E-09
H + NH3 <=> H2 + NH2,1.00E-09,1.00E-09,1.00E-09
NH3 + O <=> NH2 + OH,1.00E-09,1.00E-09,1.00E-09
NH3 + OH <=> H2O + NH2,1.00E-09,1.00E-09,1.00E-09
HO2 + NH3 <=> H2O2 + NH2,1.00E-09,1.00E-09,1.00E-09
H2 + NH <=> H + NH2,1.00E-09,1.00E-09,1.00E-09
NH2 + O <=> H + HNO,1.00E-09,1.00E-09,1.00E-09
NH2 + O <=> NH + OH,1.00E-09,1.00E-09,1.00E-09
NH2 + O <=> NH + OH,1.00E-09,1.00E-09,1.00E-09
NH2 + OH <=> H2O + NH,1.00E-09,1.00E-09,1.00E-09
HO2 + NH2 <=> NH3 + O2,1.00E-09,1.00E-09,1.00E-09
HO2 + NH2 <=> H2NO + OH,1.00E-09,1.00E-09,1.00E-09
HO2 + NH2 <=> H2O + HNO,1.00E-09,1.00E-09,1.00E-09
HO2 + NH2 <=> H2O + HNO,1.00E-09,1.00E-09,1.00E-09
HO2 + NH2 <=> H2O + HON,1.00E-09,1.00E-09,1.00E-09
NH2 + O2 <=> H2NO + O,1.00E-09,1.00E-09,1.00E-09
NH2 + O2 <=> HNO + OH,1.00E-09,1.00E-09,1.00E-09
2 NH2 <=> NH + NH3,1.00E-09,1.00E-09,1.00E-09
NH + NH2 <=> N + NH3,1.00E-09,1.00E-09,1.00E-09
N + NH2 <=> 2 H + N2,1.00E-09,1.00E-09,1.00E-09
HNO + NH2 <=> NH3 + NO,1.00E-09,1.00E-09,1.00E-09
NH2 + NO <=> H2O + N2,1.00E-09,1.00E-09,1.00E-09
NH2 + NO <=> NNH + OH,1.00E-09,1.00E-09,1.00E-09
HONO + NH2 <=> NH3 + NO2,1.00E-09,1.00E-09,1.00E-09
NH2 + NO2 <=> H2NO + NO,1.00E-09,1.00E-09,1.00E-09
NH2 + NO2 <=> H2O + N2O,1.00E-09,1.00E-09,1.00E-09
H + NH <=> H2 + N,1.00E-09,1.00E-09,1.00E-09
NH + O <=> H + NO,1.00E-09,1.00E-09,1.00E-09
NH + OH <=> H + HNO,1.00E-09,1.00E-09,1.00E-09
NH + OH <=> H2O + N,1.00E-09,1.00E-09,1.00E-09
NH + O2 <=> HNO + O,1.00E-09,1.00E-09,1.00E-09
NH + O2 <=> NO + OH,1.00E-09,1.00E-09,1.00E-09
2 NH <=> N + NH2,1.00E-09,1.00E-09,1.00E-09
N + NH <=> H + N2,1.00E-09,1.00E-09,1.00E-09
NH + NO <=> H + N2O,1.00E-09,1.00E-09,1.00E-09
NH + NO <=> N2 + OH,1.00E-09,1.00E-09,1.00E-09
HONO + NH <=> NH2 + NO2,1.00E-09,1.00E-09,1.00E-09
NH + NO2 <=> N2O + OH,1.00E-09,1.00E-09,1.00E-09
NH + NO2 <=> HNO + NO,1.00E-09,1.00E-09,1.00E-09
N + OH <=> H + NO,1.00E-09,1.00E-09,1.00E-09
N + O2 <=> NO + O,1.00E-09,1.00E-09,1.00E-09
N + NO <=> N2 + O,1.00E-09,1.00E-09,1.00E-09
NNH <=> H + N2,1.00E-09,1.00E-09,1.00E-09
H + NNH <=> H2 + N2,1.00E-09,1.00E-09,1.00E-09
NNH + O <=> H + N2O,1.00E-09,1.00E-09,1.00E-09
NNH + O <=> N2 + OH,1.00E-09,1.00E-09,1.00E-09
NNH + O <=> NH + NO,1.00E-09,1.00E-09,1.00E-09
NNH + OH <=> H2O + N2,1.00E-09,1.00E-09,1.00E-09
NNH + O2 <=> HO2 + N2,1.00E-09,1.00E-09,1.00E-09
NH + NNH <=> N2 + NH2,1.00E-09,1.00E-09,1.00E-09
NH2 + NNH <=> N2 + NH3,1.00E-09,1.00E-09,1.00E-09
NNH + NO <=> HNO + N2,1.00E-09,1.00E-09,1.00E-09
NH2OH (+M) <=> NH2 + OH (+M),1.00E-09,1.00E-09,1.00E-09
H + NH2OH <=> H2 + HNOH,1.00E-09,1.00E-09,1.00E-09
H + NH2OH <=> H2 + H2NO,1.00E-09,1.00E-09,1.00E-09
NH2OH + O <=> HNOH + OH,1.00E-09,1.00E-09,1.00E-09
NH2OH + O <=> H2NO + OH,1.00E-09,1.00E-09,1.00E-09
NH2OH + OH <=> H2O + HNOH,1.00E-09,1.00E-09,1.00E-09
NH2OH + OH <=> H2NO + H2O,1.00E-09,1.00E-09,1.00E-09
NH2 + NH2OH <=> HNOH + NH3,1.00E-09,1.00E-09,1.00E-09
NH2 + NH2OH <=> H2NO + NH3,1.00E-09,1.00E-09,1.00E-09
NH + NH2OH <=> HNOH + NH2,1.00E-09,1.00E-09,1.00E-09
NH + NH2OH <=> H2NO + NH2,1.00E-09,1.00E-09,1.00E-09
HO2 + NH2OH <=> H2O2 + HNOH,1.00E-09,1.00E-09,1.00E-09
HO2 + NH2OH <=> H2NO + H2O2,1.00E-09,1.00E-09,1.00E-09
H2NO + M <=> H + HNO + M,1.00E-09,1.00E-09,1.00E-09
H2NO + M <=> HNOH + M,1.00E-09,1.00E-09,1.00E-09
H + H2NO <=> H2 + HNO,1.00E-09,1.00E-09,1.00E-09
H + H2NO <=> NH2 + OH,1.00E-09,1.00E-09,1.00E-09
H2NO + O <=> HNO + OH,1.00E-09,1.00E-09,1.00E-09
H2NO + OH <=> H2O + HNO,1.00E-09,1.00E-09,1.00E-09
H2NO + HO2 <=> H2O2 + HNO,1.00E-09,1.00E-09,1.00E-09
H2NO + O2 <=> HNO + HO2,1.00E-09,1.00E-09,1.00E-09
H2NO + NH2 <=> HNO + NH3,1.00E-09,1.00E-09,1.00E-09
H2NO + NO <=> 2 HNO,1.00E-09,1.00E-09,1.00E-09
H2NO + NO2 <=> HNO + HONO,1.00E-09,1.00E-09,1.00E-09
HNOH + M <=> H + HNO + M,1.00E-09,1.00E-09,1.00E-09
H + HNOH <=> NH2 + OH,1.00E-09,1.00E-09,1.00E-09
H + HNOH <=> H2 + HNO,1.00E-09,1.00E-09,1.00E-09
HNOH + O <=> HNO + OH,1.00E-09,1.00E-09,1.00E-09
HNOH + O <=> HNO + OH,1.00E-09,1.00E-09,1.00E-09
HNOH + OH <=> H2O + HNO,1.00E-09,1.00E-09,1.00E-09
HNOH + HO2 <=> H2O2 + HNO,1.00E-09,1.00E-09,1.00E-09
HNOH + HO2 <=> NH2OH + O2,1.00E-09,1.00E-09,1.00E-09
HNOH + O2 <=> HNO + HO2,1.00E-09,1.00E-09,1.00E-09
HNOH + NH2 <=> HNO + NH3,1.00E-09,1.00E-09,1.00E-09
HNOH + NO2 <=> HNO + HONO,1.00E-09,1.00E-09,1.00E-09
H + NO (+M) <=> HNO (+M),1.00E-09,1.00E-09,1.00E-09
H + HNO <=> H2 + NO,1.00E-09,1.00E-09,1.00E-09
HNO + O <=> NO + OH,1.00E-09,1.00E-09,1.00E-09
HNO + OH <=> H2O + NO,1.00E-09,1.00E-09,1.00E-09
HNO + HO2 <=> HNO2 + OH,1.00E-09,1.00E-09,1.00E-09
HNO + O2 <=> HO2 + NO,1.00E-09,1.00E-09,1.00E-09
2 HNO <=> H2O + N2O,1.00E-09,1.00E-09,1.00E-09
HNO + NO2 <=> HONO + NO,1.00E-09,1.00E-09,1.00E-09
HO2 + NO <=> NO2 + OH,1.00E-09,1.00E-09,1.00E-09
NO + O (+M) <=> NO2 (+M),1.00E-09,1.00E-09,1.00E-09
H + NO2 <=> NO + OH,1.00E-09,1.00E-09,1.00E-09
NO2 + O <=> NO + O2,1.00E-09,1.00E-09,1.00E-09
HO2 + NO2 <=> HONO + O2,1.00E-09,1.00E-09,1.00E-09
HO2 + NO2 <=> HNO2 + O2,1.00E-09,1.00E-09,1.00E-09
2 NO2 <=> 2 NO + O2,1.00E-09,1.00E-09,1.00E-09
2 NO2 <=> NO + NO3,1.00E-09,1.00E-09,1.00E-09
NO + OH (+M) <=> HONO (+M),1.00E-09,1.00E-09,1.00E-09
H2 + NO2 <=> H + HONO,1.00E-09,1.00E-09,1.00E-09
H2 + NO2 <=> H + HONO,1.00E-09,1.00E-09,1.00E-09
H + HONO <=> HNO + OH,1.00E-09,1.00E-09,1.00E-09
H + HONO <=> H2O + NO,1.00E-09,1.00E-09,1.00E-09
HONO + O <=> NO2 + OH,1.00E-09,1.00E-09,1.00E-09
HONO + OH <=> H2O + NO2,1.00E-09,1.00E-09,1.00E-09
HONO + NO2 <=> HONO2 + NO,1.00E-09,1.00E-09,1.00E-09
2 HONO <=> H2O + NO + NO2,1.00E-09,1.00E-09,1.00E-09
HNO2 (+M) <=> HONO (+M),1.00E-09,1.00E-09,1.00E-09
H2 + NO2 <=> H + HNO2,1.00E-09,1.00E-09,1.00E-09
HNO2 + O <=> NO2 + OH,1.00E-09,1.00E-09,1.00E-09
HNO2 + OH <=> H2O + NO2,1.00E-09,1.00E-09,1.00E-09
NO2 + O (+M) <=> NO3 (+M),1.00E-09,1.00E-09,1.00E-09
H + NO3 <=> NO2 + OH,1.00E-09,1.00E-09,1.00E-09
NO3 + O <=> NO2 + O2,1.00E-09,1.00E-09,1.00E-09
NO3 + OH <=> HO2 + NO2,1.00E-09,1.00E-09,1.00E-09
HO2 + NO3 <=> NO2 + O2 + OH,1.00E-09,1.00E-09,1.00E-09
NO2 + NO3 <=> NO + NO2 + O2,1.00E-09,1.00E-09,1.00E-09
NO2 + OH (+M) <=> HONO2 (+M),1.00E-09,1.00E-09,1.00E-09
H + HONO2 <=> H2 + NO3,1.00E-09,1.00E-09,1.00E-09
H + HONO2 <=> H2O + NO2,1.00E-09,1.00E-09,1.00E-09
H + HONO2 <=> HONO + OH,1.00E-09,1.00E-09,1.00E-09
HONO2 + OH <=> H2O + NO3,1.00E-09,1.00E-09,1.00E-09
N2O (+M) <=> N2 + O (+M),1.00E-09,1.00E-09,1.00E-09
H + N2O <=> N2 + OH,1.00E-09,1.00E-09,1.00E-09
N2O + O <=> 2 NO,1.00E-09,1.00E-09,1.00E-09
N2O + O <=> N2 + O2,1.00E-09,1.00E-09,1.00E-09
N2O + OH <=> HO2 + N2,1.00E-09,1.00E-09,1.00E-09
N2O + OH <=> HNO + NO,1.00E-09,1.00E-09,1.00E-09
N2O + NO <=> N2 + NO2,1.00E-09,1.00E-09,1.00E-09
2 NH2 <=> H2 + N2H2,1.00E-09,1.00E-09,1.00E-09
2 NH2 <=> H2 + H2NN,1.00E-09,1.00E-09,1.00E-09
NH + NH2 <=> H + N2H2,1.00E-09,1.00E-09,1.00E-09
HNOH + NH2 <=> N2H3 + OH,1.00E-09,1.00E-09,1.00E-09
HNOH + NH2 <=> H2NN + H2O,1.00E-09,1.00E-09,1.00E-09
2 NH2 (+M) <=> N2H4 (+M),1.00E-09,1.00E-09,1.00E-09
N2H4 <=> H2 + H2NN,1.00E-09,1.00E-09,1.00E-09
H + N2H4 <=> H2 + N2H3,1.00E-09,1.00E-09,1.00E-09
H + N2H4 <=> NH2 + NH3,1.00E-09,1.00E-09,1.00E-09
N2H4 + O <=> N2H3 + OH,1.00E-09,1.00E-09,1.00E-09
N2H4 + O <=> H2O + N2H2,1.00E-09,1.00E-09,1.00E-09
N2H4 + OH <=> H2O + N2H3,1.00E-09,1.00E-09,1.00E-09
N2H4 + NH2 <=> N2H3 + NH3,1.00E-09,1.00E-09,1.00E-09
N2H4 + NO <=> HNO + N2H3,1.00E-09,1.00E-09,1.00E-09
N2H4 + NO2 <=> HONO + N2H3,1.00E-09,1.00E-09,1.00E-09
N2H4 + NO2 <=> HNO2 + N2H3,1.00E-09,1.00E-09,1.00E-09
H + N2H2 <=> N2H3,1.00E-09,1.00E-09,1.00E-09
H + N2H3 <=> H2 + N2H2,1.00E-09,1.00E-09,1.00E-09
N2H3 + O <=> N2H2 + OH,1.00E-09,1.00E-09,1.00E-09
N2H3 + O <=> HNO + NH2,1.00E-09,1.00E-09,1.00E-09
N2H3 + O => H + NH2 + NO,1.00E-09,1.00E-09,1.00E-09
N2H3 + OH <=> H2O + N2H2,1.00E-09,1.00E-09,1.00E-09
N2H3 + OH <=> H2NN + H2O,1.00E-09,1.00E-09,1.00E-09
N2H3 + OH <=> HNO + NH3,1.00E-09,1.00E-09,1.00E-09
HO2 + N2H3 <=> H2O2 + N2H2,1.00E-09,1.00E-09,1.00E-09
HO2 + N2H3 <=> N2H4 + O2,1.00E-09,1.00E-09,1.00E-09
N2H3 + NH2 <=> N2H2 + NH3,1.00E-09,1.00E-09,1.00E-09
N2H3 + NH2 <=> H2NN + NH3,1.00E-09,1.00E-09,1.00E-09
N2H3 + NH <=> N2H2 + NH2,1.00E-09,1.00E-09,1.00E-09
N2H2 + M <=> H + NNH + M,1.00E-09,1.00E-09,1.00E-09
H + N2H2 <=> H2 + NNH,1.00E-09,1.00E-09,1.00E-09
N2H2 + O <=> NNH + OH,1.00E-09,1.00E-09,1.00E-09
N2H2 + O <=> NH2 + NO,1.00E-09,1.00E-09,1.00E-09
N2H2 + OH <=> H2O + NNH,1.00E-09,1.00E-09,1.00E-09
N2H2 + NH2 <=> NH3 + NNH,1.00E-09,1.00E-09,1.00E-09
N2H2 + NH <=> NH2 + NNH,1.00E-09,1.00E-09,1.00E-09
N2H2 + NO <=> N2O + NH2,1.00E-09,1.00E-09,1.00E-09
H2NN <=> H + NNH,1.00E-09,1.00E-09,1.00E-09
H2NN <=> H2 + N2,1.00E-09,1.00E-09,1.00E-09
H2NN <=> N2H2,1.00E-09,1.00E-09,1.00E-09
H + H2NN <=> H2 + NNH,1.00E-09,1.00E-09,1.00E-09
H + H2NN <=> H + N2H2,1.00E-09,1.00E-09,1.00E-09
H2NN + O <=> NNH + OH,1.00E-09,1.00E-09,1.00E-09
H2NN + O <=> NH2 + NO,1.00E-09,1.00E-09,1.00E-09
H2NN + OH <=> H2O + NNH,1.00E-09,1.00E-09,1.00E-09
H2NN + OH => H + NH2 + NO,1.00E-09,1.00E-09,1.00E-09
H2NN + HO2 => NH2 + NO + OH,1.00E-09,1.00E-09,1.00E-09
H2NN + HO2 <=> H2O2 + NNH,1.00E-09,1.00E-09,1.00E-09
H2NN + O2 <=> NH2 + NO2,1.00E-09,1.00E-09,1.00E-09
H2NN + NH2 <=> NH3 + NNH,1.00E-09,1.00E-09,1.00E-09
HCN + M <=> CN + H + M,1.00E-09,1.00E-09,1.00E-09
HCN + N2 <=> CN + H + N2,1.00E-09,1.00E-09,1.00E-09
HCN + M <=> HNC + M,1.00E-09,1.00E-09,1.00E-09
CN + H2 <=> H + HCN,1.00E-09,1.00E-09,1.00E-09
HCN + O <=> H + NCO,1.00E-09,1.00E-09,1.00E-09
HCN + O <=> CO + NH,1.00E-09,1.00E-09,1.00E-09
HCN + O <=> CN + OH,1.00E-09,1.00E-09,1.00E-09
HCN + OH <=> CN + H2O,1.00E-09,1.00E-09,1.00E-09
HCN + OH <=> H + HOCN,1.00E-09,1.00E-09,1.00E-09
HCN + OH <=> H + HNCO,1.00E-09,1.00E-09,1.00E-09
HCN + OH <=> CO + NH2,1.00E-09,1.00E-09,1.00E-09
HCN + O2 <=> CN + HO2,1.00E-09,1.00E-09,1.00E-09
CN + HCN <=> H + NCCN,1.00E-09,1.00E-09,1.00E-09
H + HNC <=> H + HCN,1.00E-09,1.00E-09,1.00E-09
HNC + O <=> CO + NH,1.00E-09,1.00E-09,1.00E-09
HNC + OH <=> H + HNCO,1.00E-09,1.00E-09,1.00E-09
HNC + OH <=> CN + H2O,1.00E-09,1.00E-09,1.00E-09
CN + O <=> CO + N,1.00E-09,1.00E-09,1.00E-09
CN + OH <=> H + NCO,1.00E-09,1.00E-09,1.00E-09
CN + O2 <=> NCO + O,1.00E-09,1.00E-09,1.00E-09
CN + O2 <=> CO + NO,1.00E-09,1.00E-09,1.00E-09
CN + NO <=> N + NCO,1.00E-09,1.00E-09,1.00E-09
CN + NO2 <=> NCO + NO,1.00E-09,1.00E-09,1.00E-09
CN + NO2 <=> CO + N2O,1.00E-09,1.00E-09,1.00E-09
CN + NO2 <=> CO2 + N2,1.00E-09,1.00E-09,1.00E-09
CN + HNO <=> HCN + NO,1.00E-09,1.00E-09,1.00E-09
CN + HONO <=> HCN + NO2,1.00E-09,1.00E-09,1.00E-09
CN + HNCO <=> HCN + NCO,1.00E-09,1.00E-09,1.00E-09
CN + HNCO <=> CO + HNCN,1.00E-09,1.00E-09,1.00E-09
CN + NCO <=> CO + NCN,1.00E-09,1.00E-09,1.00E-09
HNCO + M <=> CO + NH + M,1.00E-09,1.00E-09,1.00E-09
H + HNCO <=> CO + NH2,1.00E-09,1.00E-09,1.00E-09
H + HNCO <=> H2 + NCO,1.00E-09,1.00E-09,1.00E-09
HNCO + O <=> NCO + OH,1.00E-09,1.00E-09,1.00E-09
HNCO + O <=> CO2 + NH,1.00E-09,1.00E-09,1.00E-09
HNCO + O <=> CO + HNO,1.00E-09,1.00E-09,1.00E-09
HNCO + OH <=> H2O + NCO,1.00E-09,1.00E-09,1.00E-09
HNCO + HO2 <=> H2O2 + NCO,1.00E-09,1.00E-09,1.00E-09
HNCO + O2 <=> CO2 + HNO,1.00E-09,1.00E-09,1.00E-09
H2O + HNCO <=> CO2 + NH3,1.00E-09,1.00E-09,1.00E-09
HNCO + NH <=> NCO + NH2,1.00E-09,1.00E-09,1.00E-09
2 HNCO <=> CO2 + HNCNH,1.00E-09,1.00E-09,1.00E-09
H + HOCN <=> H + HNCO,1.00E-09,1.00E-09,1.00E-09
H + HOCN <=> CO + NH2,1.00E-09,1.00E-09,1.00E-09
H + HOCN <=> H2 + NCO,1.00E-09,1.00E-09,1.00E-09
HOCN + O <=> NCO + OH,1.00E-09,1.00E-09,1.00E-09
HOCN + OH <=> H2O + NCO,1.00E-09,1.00E-09,1.00E-09
HOCN + NH2 <=> NCO + NH3,1.00E-09,1.00E-09,1.00E-09
HCNO <=> HCN + O,1.00E-09,1.00E-09,1.00E-09
H + HCNO <=> HCN + OH,1.00E-09,1.00E-09,1.00E-09
HCNO + O <=> HCO + NO,1.00E-09,1.00E-09,1.00E-09
HCNO + O <=> NCO + OH,1.00E-09,1.00E-09,1.00E-09
HCNO + OH <=> CO + H2NO,1.00E-09,1.00E-09,1.00E-09
HCNO + OH <=> HCO + HNO,1.00E-09,1.00E-09,1.00E-09
CN + HCNO <=> HCN + NCO,1.00E-09,1.00E-09,1.00E-09
HCNO + NCO <=> CO + HCN + NO,1.00E-09,1.00E-09,1.00E-09
NCO + M <=> CO + N + M,1.00E-09,1.00E-09,1.00E-09
H + NCO <=> CO + NH,1.00E-09,1.00E-09,1.00E-09
NCO + O <=> CO + NO,1.00E-09,1.00E-09,1.00E-09
NCO + OH <=> CO + HON,1.00E-09,1.00E-09,1.00E-09
NCO + OH <=> CO + H + NO,1.00E-09,1.00E-09,1.00E-09
HO2 + NCO <=> HNCO + O2,1.00E-09,1.00E-09,1.00E-09
NCO + O2 <=> CO2 + NO,1.00E-09,1.00E-09,1.00E-09
NCO + NO <=> CO + N2O,1.00E-09,1.00E-09,1.00E-09
NCO + NO <=> CO2 + N2,1.00E-09,1.00E-09,1.00E-09
NCO + NO2 <=> CO + 2 NO,1.00E-09,1.00E-09,1.00E-09
NCO + NO2 <=> CO2 + N2O,1.00E-09,1.00E-09,1.00E-09
HNO + NCO <=> HNCO + NO,1.00E-09,1.00E-09,1.00E-09
HONO + NCO <=> HNCO + NO2,1.00E-09,1.00E-09,1.00E-09
NCO + NH3 <=> HNCO + NH2,1.00E-09,1.00E-09,1.00E-09
N + NCO <=> CO + N2,1.00E-09,1.00E-09,1.00E-09
2 NCO <=> 2 CO + N2,1.00E-09,1.00E-09,1.00E-09
CH3CN <=> CH2CN + H,1.00E-09,1.00E-09,1.00E-09
CH3CN + H <=> CH3 + HCN,1.00E-09,1.00E-09,1.00E-09
CH3CN + H <=> CH3 + HNC,1.00E-09,1.00E-09,1.00E-09
CH3CN + H <=> CH2CN + H2,1.00E-09,1.00E-09,1.00E-09
CH3CN + O <=> CH3 + NCO,1.00E-09,1.00E-09,1.00E-09
CH3CN + O <=> CH2CN + OH,1.00E-09,1.00E-09,1.00E-09
CH3CN + OH <=> CH2CN + H2O,1.00E-09,1.00E-09,1.00E-09
CH3 + CH3CN <=> CH2CN + CH4,1.00E-09,1.00E-09,1.00E-09
CH3CN + CN <=> CH2CN + HCN,1.00E-09,1.00E-09,1.00E-09
CH2CN + O <=> CH2O + CN,1.00E-09,1.00E-09,1.00E-09
CH2OH + CN <=> CH2CN + OH,1.00E-09,1.00E-09,1.00E-09
CO + NO2 <=> CO2 + NO,1.00E-09,1.00E-09,1.00E-09
CO + N2O <=> CO2 + N2,1.00E-09,1.00E-09,1.00E-09
CO2 + N <=> CO + NO,1.00E-09,1.00E-09,1.00E-09
CN + CO2 <=> CO + NCO,1.00E-09,1.00E-09,1.00E-09
HOCO + NO <=> CO + HONO,1.00E-09,1.00E-09,1.00E-09
CH2O + NO2 <=> HCO + HONO,1.00E-09,1.00E-09,1.00E-09
CH2O + NO2 <=> HCO + HNO2,1.00E-09,1.00E-09,1.00E-09
CH2O + CN <=> HCN + HCO,1.00E-09,1.00E-09,1.00E-09
CH2O + NCO <=> HCO + HNCO,1.00E-09,1.00E-09,1.00E-09
HCO + NO <=> CO + HNO,1.00E-09,1.00E-09,1.00E-09
HCO + HNO <=> CH2O + NO,1.00E-09,1.00E-09,1.00E-09
HCO + NO2 <=> CO2 + H + NO,1.00E-09,1.00E-09,1.00E-09
HCO + NO2 <=> CO + HONO,1.00E-09,1.00E-09,1.00E-09
HCO + NO2 <=> CO + NO + OH,1.00E-09,1.00E-09,1.00E-09
HCO + NCO <=> CO + HNCO,1.00E-09,1.00E-09,1.00E-09
CH4 + NH2 <=> CH3 + NH3,1.00E-09,1.00E-09,1.00E-09
CH4 + NO2 <=> CH3 + HONO,1.00E-09,1.00E-09,1.00E-09
CH4 + NO2 <=> CH3 + HONO,1.00E-09,1.00E-09,1.00E-09
CH4 + NO2 <=> CH3 + HNO2,1.00E-09,1.00E-09,1.00E-09
CH4 + CN <=> CH3 + HCN,1.00E-09,1.00E-09,1.00E-09
CH4 + NCO <=> CH3 + HNCO,1.00E-09,1.00E-09,1.00E-09
CH3 + NH2 <=> CH4 + NH,1.00E-09,1.00E-09,1.00E-09
CH3 + NH2 <=> CH2 + NH3,1.00E-09,1.00E-09,1.00E-09
CH3 + NH <=> CH2NH + H,1.00E-09,1.00E-09,1.00E-09
CH3 + NH <=> CH4 + N,1.00E-09,1.00E-09,1.00E-09
CH3 + N <=> H + H2CN,1.00E-09,1.00E-09,1.00E-09
CH3 + H2NO <=> CH3O + NH2,1.00E-09,1.00E-09,1.00E-09
CH3 + H2NO <=> CH4 + HNO,1.00E-09,1.00E-09,1.00E-09
CH3 + HNO <=> CH4 + NO,1.00E-09,1.00E-09,1.00E-09
CH3 + HNO <=> CH3NO + H,1.00E-09,1.00E-09,1.00E-09
CH3 + NO <=> H2O + HCN,1.00E-09,1.00E-09,1.00E-09
CH3 + NO <=> H2CN + OH,1.00E-09,1.00E-09,1.00E-09
CH3 + NO2 <=> CH3O + NO,1.00E-09,1.00E-09,1.00E-09
CH3 + CN <=> CH2CN + H,1.00E-09,1.00E-09,1.00E-09
CH3 + HOCN <=> CH3CN + OH,1.00E-09,1.00E-09,1.00E-09
CH2 + N2 <=> HCN + NH,1.00E-09,1.00E-09,1.00E-09
CH2 + N <=> H + HCN,1.00E-09,1.00E-09,1.00E-09
CH2 + NO <=> H + HCNO,1.00E-09,1.00E-09,1.00E-09
CH2 + NO <=> HCN + OH,1.00E-09,1.00E-09,1.00E-09
CH2 + NO2 <=> CH2O + NO,1.00E-09,1.00E-09,1.00E-09
CH2(S) + NH3 <=> CH2NH2 + H,1.00E-09,1.00E-09,1.00E-09
CH2(S) + NO <=> HCN + OH,1.00E-09,1.00E-09,1.00E-09
CH2(S) + NO <=> CH2 + NO,1.00E-09,1.00E-09,1.00E-09
CH2(S) + N2O <=> CH2O + N2,1.00E-09,1.00E-09,1.00E-09
CH + N2 <=> H + NCN,1.00E-09,1.00E-09,1.00E-09
CH + N2 <=> HNCN,1.00E-09,1.00E-09,1.00E-09
CH + NH3 <=> 2 H + H2CN,1.00E-09,1.00E-09,1.00E-09
CH + N <=> CN + H,1.00E-09,1.00E-09,1.00E-09
CH + NO <=> CO + NH,1.00E-09,1.00E-09,1.00E-09
CH + NO <=> H + NCO,1.00E-09,1.00E-09,1.00E-09
CH + NO <=> HCN + O,1.00E-09,1.00E-09,1.00E-09
CH + NO <=> CN + OH,1.00E-09,1.00E-09,1.00E-09
CH + NO <=> HCO + N,1.00E-09,1.00E-09,1.00E-09
CH + NO2 <=> HCO + NO,1.00E-09,1.00E-09,1.00E-09
CN + N <=> C + N2,1.00E-09,1.00E-09,1.00E-09
CH + N2O <=> HCN + NO,1.00E-09,1.00E-09,1.00E-09
C + NO <=> CN + O,1.00E-09,1.00E-09,1.00E-09
C + NO <=> CO + N,1.00E-09,1.00E-09,1.00E-09
C + N2O <=> CN + NO,1.00E-09,1.00E-09,1.00E-09
CH3OH + NO2 <=> CH2OH + HONO,1.00E-09,1.00E-09,1.00E-09
CH3OH + NO2 <=> CH2OH + HNO2,1.00E-09,1.00E-09,1.00E-09
CH3O + HNO <=> CH3OH + NO,1.00E-09,1.00E-09,1.00E-09
CH3O + NO <=> CH2O + HNO,1.00E-09,1.00E-09,1.00E-09
CH3O + NO <=> CH2O + HNO,1.00E-09,1.00E-09,1.00E-09
CH3O + NO2 <=> CH2O + HONO,1.00E-09,1.00E-09,1.00E-09
CH2OH + HNO <=> CH3OH + NO,1.00E-09,1.00E-09,1.00E-09
CH2OH + NO <=> H2O + HNCO,1.00E-09,1.00E-09,1.00E-09
CH2OH + NO2 <=> CH2O + HONO,1.00E-09,1.00E-09,1.00E-09
CH3OO + NO <=> CH3O + NO2,1.00E-09,1.00E-09,1.00E-09
C2H6 + NH2 <=> C2H5 + NH3,1.00E-09,1.00E-09,1.00E-09
C2H6 + NO2 <=> C2H5 + HONO,1.00E-09,1.00E-09,1.00E-09
C2H6 + NO2 <=> C2H5 + HONO,1.00E-09,1.00E-09,1.00E-09
C2H6 + NO2 <=> C2H5 + HNO2,1.00E-09,1.00E-09,1.00E-09
C2H6 + CN <=> C2H5 + HCN,1.00E-09,1.00E-09,1.00E-09
C2H6 + NCO <=> C2H5 + HNCO,1.00E-09,1.00E-09,1.00E-09
C2H5 + N <=> C2H4 + NH,1.00E-09,1.00E-09,1.00E-09
C2H5 + N <=> CH3 + H2CN,1.00E-09,1.00E-09,1.00E-09
C2H5 + NO2 <=> CH3CH2O + NO,1.00E-09,1.00E-09,1.00E-09
C2H4 + NH2 <=> C2H3 + NH3,1.00E-09,1.00E-09,1.00E-09
C2H3 + NO <=> CH2O + HCN,1.00E-09,1.00E-09,1.00E-09
C2H3 + HONO <=> C2H4 + NO2,1.00E-09,1.00E-09,1.00E-09
C2H3 + HNO2 <=> C2H4 + NO2,1.00E-09,1.00E-09,1.00E-09
C2H3 + NO2 <=> CH2CHO + NO,1.00E-09,1.00E-09,1.00E-09
C2H2 + NCO <=> HCCO + HCN,1.00E-09,1.00E-09,1.00E-09
C2H + NH3 <=> C2H2 + NH2,1.00E-09,1.00E-09,1.00E-09
C2H + NO <=> CO + HCN,1.00E-09,1.00E-09,1.00E-09
C2H + NO <=> CN + HCO,1.00E-09,1.00E-09,1.00E-09
C2H + NO2 <=> HCCO + NO,1.00E-09,1.00E-09,1.00E-09
C2 + N2 <=> 2 CN,1.00E-09,1.00E-09,1.00E-09
C2 + NO <=> C2O + N,1.00E-09,1.00E-09,1.00E-09
CH3CH2O + NO <=> CH3CHO + HNO,1.00E-09,1.00E-09,1.00E-09
CH3CH2O + NO2 <=> CH3CHO + HONO,1.00E-09,1.00E-09,1.00E-09
CH2CH2OH + NO2 => CH2O + CH2OH + NO,1.00E-09,1.00E-09,1.00E-09
CH2CHO + NO <=> HCN + HOCHO,1.00E-09,1.00E-09,1.00E-09
CH2CHO + NO2 <=> CH2CO + HONO,1.00E-09,1.00E-09,1.00E-09
CH3CO + NO2 => CH3 + CO2 + NO,1.00E-09,1.00E-09,1.00E-09
HCCO + N <=> CO + HCN,1.00E-09,1.00E-09,1.00E-09
HCCO + NO <=> CO + HCNO,1.00E-09,1.00E-09,1.00E-09
HCCO + NO <=> CO2 + HCN,1.00E-09,1.00E-09,1.00E-09
HCCO + NO2 <=> CO2 + HCNO,1.00E-09,1.00E-09,1.00E-09
C2O + NO <=> CO + NCO,1.00E-09,1.00E-09,1.00E-09
C2O + NO2 <=> CO2 + NCO,1.00E-09,1.00E-09,1.00E-09
NCN + M <=> C + N2 + M,1.00E-09,1.00E-09,1.00E-09
H + NCN <=> HNCN,1.00E-09,1.00E-09,1.00E-09
H + NCN <=> HCN + N,1.00E-09,1.00E-09,1.00E-09
H + NCN <=> HNC + N,1.00E-09,1.00E-09,1.00E-09
NCN + O <=> CN + NO,1.00E-09,1.00E-09,1.00E-09
NCN + OH <=> NCNOH,1.00E-09,1.00E-09,1.00E-09
NCN + OH <=> NCO + NH,1.00E-09,1.00E-09,1.00E-09
NCN + OH <=> HCN + NO,1.00E-09,1.00E-09,1.00E-09
NCN + O2 <=> NCO + NO,1.00E-09,1.00E-09,1.00E-09
NCN + NO <=> CN + N2O,1.00E-09,1.00E-09,1.00E-09
2 NCN <=> 2 CN + N2,1.00E-09,1.00E-09,1.00E-09
H2 + NCN <=> H + HNCN,1.00E-09,1.00E-09,1.00E-09
HNCN + O <=> HNC + NO,1.00E-09,1.00E-09,1.00E-09
HNCN + O <=> NCO + NH,1.00E-09,1.00E-09,1.00E-09
HNCN + O <=> CN + HNO,1.00E-09,1.00E-09,1.00E-09
HNCN + OH <=> H2O + NCN,1.00E-09,1.00E-09,1.00E-09
HNCN + O2 <=> HO2 + NCN,1.00E-09,1.00E-09,1.00E-09
NCNOH <=> NCO + NH,1.00E-09,1.00E-09,1.00E-09
NCNOH => H + NCNO,1.00E-09,1.00E-09,1.00E-09
NCNOH <=> HCN + NO,1.00E-09,1.00E-09,1.00E-09
H + NCNOH <=> HNCN + OH,1.00E-09,1.00E-09,1.00E-09
NCNOH + O => NCNO + OH,1.00E-09,1.00E-09,1.00E-09
NCNOH + O <=> CN + HONO,1.00E-09,1.00E-09,1.00E-09
NCNOH + OH => H2O + NCNO,1.00E-09,1.00E-09,1.00E-09
H + NCNO => HNC + NO,1.00E-09,1.00E-09,1.00E-09
NCNO + O => NCO + NO,1.00E-09,1.00E-09,1.00E-09
H + HNCNH <=> H2 + HNCN,1.00E-09,1.00E-09,1.00E-09
HNCNH + O <=> HNCN + OH,1.00E-09,1.00E-09,1.00E-09
HNCNH + OH <=> H2O + HNCN,1.00E-09,1.00E-09,1.00E-09
CH3 + NO (+M) <=> CH3NO (+M),1.00E-09,1.00E-09,1.00E-09
CH3NO + H <=> CH2NO + H2,1.00E-09,1.00E-09,1.00E-09
CH3NO + O <=> CH2NO + OH,1.00E-09,1.00E-09,1.00E-09
CH3NO + OH <=> CH2NO + H2O,1.00E-09,1.00E-09,1.00E-09
CH3 + CH3NO <=> CH2NO + CH4,1.00E-09,1.00E-09,1.00E-09
CH3NO + NH2 <=> CH2NO + NH3,1.00E-09,1.00E-09,1.00E-09
CH3NO + O <=> CH3 + NO2,1.00E-09,1.00E-09,1.00E-09
CH3NO + OH <=> CH3 + HONO,1.00E-09,1.00E-09,1.00E-09
CH2NO <=> H + HNCO,1.00E-09,1.00E-09,1.00E-09
CH2NO + H <=> CH3 + NO,1.00E-09,1.00E-09,1.00E-09
CH2NO + H <=> H2 + HCNO,1.00E-09,1.00E-09,1.00E-09
CH2NO + O <=> CH2O + NO,1.00E-09,1.00E-09,1.00E-09
CH2NO + O <=> HCNO + OH,1.00E-09,1.00E-09,1.00E-09
CH2NO + OH <=> CH2OH + NO,1.00E-09,1.00E-09,1.00E-09
CH2NO + OH <=> H2O + HCNO,1.00E-09,1.00E-09,1.00E-09
CH2NO + O2 <=> CH2O + NO2,1.00E-09,1.00E-09,1.00E-09
CH2NO + CH3 <=> C2H5 + NO,1.00E-09,1.00E-09,1.00E-09
CH2NO + CH3 <=> CH4 + HCNO,1.00E-09,1.00E-09,1.00E-09
CH2NO + NH2 <=> CH2NH2 + NO,1.00E-09,1.00E-09,1.00E-09
CH2NO + NH2 <=> HCNO + NH3,1.00E-09,1.00E-09,1.00E-09
C2H5 + NO <=> C2H5NO,1.00E-09,1.00E-09,1.00E-09
C2H5NO + H => C2H4 + H2 + NO,1.00E-09,1.00E-09,1.00E-09
C2H5NO + H <=> CH3CHNO + H2,1.00E-09,1.00E-09,1.00E-09
C2H5NO + O => C2H4 + NO + OH,1.00E-09,1.00E-09,1.00E-09
C2H5NO + O <=> CH3CHNO + OH,1.00E-09,1.00E-09,1.00E-09
C2H5NO + OH => C2H4 + H2O + NO,1.00E-09,1.00E-09,1.00E-09
C2H5NO + OH <=> CH3CHNO + H2O,1.00E-09,1.00E-09,1.00E-09
C2H5NO + HO2 => C2H4 + H2O2 + NO,1.00E-09,1.00E-09,1.00E-09
C2H5NO + O2 => C2H4 + HO2 + NO,1.00E-09,1.00E-09,1.00E-09
CH3CHNO <=> C2H4 + NO,1.00E-09,1.00E-09,1.00E-09
CH2CHNO + H <=> CHCHNO + H2,1.00E-09,1.00E-09,1.00E-09
CH2CHNO + H <=> C2H3 + HNO,1.00E-09,1.00E-09,1.00E-09
CH2CHNO + O <=> CHCHNO + OH,1.00E-09,1.00E-09,1.00E-09
CH2CHNO + O <=> C2H3 + NO2,1.00E-09,1.00E-09,1.00E-09
CH2CHNO + OH <=> CHCHNO + H2O,1.00E-09,1.00E-09,1.00E-09
CH2CHNO + OH <=> C2H3 + HONO,1.00E-09,1.00E-09,1.00E-09
CHCHNO <=> C2H2 + NO,1.00E-09,1.00E-09,1.00E-09
CH3NO2 (+M) <=> CH3 + NO2 (+M),1.00E-09,1.00E-09,1.00E-09
CH3NO2 + H <=> CH3 + HNO2,1.00E-09,1.00E-09,1.00E-09
CH3NO2 + H <=> CH3NO + OH,1.00E-09,1.00E-09,1.00E-09
CH3NO2 + H <=> CH2NO2 + H2,1.00E-09,1.00E-09,1.00E-09
CH3NO2 + O <=> CH2NO2 + OH,1.00E-09,1.00E-09,1.00E-09
CH3NO2 + OH <=> CH2NO2 + H2O,1.00E-09,1.00E-09,1.00E-09
CH3NO2 + HO2 <=> CH2NO2 + H2O2,1.00E-09,1.00E-09,1.00E-09
CH3NO2 + O2 <=> CH2NO2 + HO2,1.00E-09,1.00E-09,1.00E-09
CH3 + CH3NO2 <=> CH2NO2 + CH4,1.00E-09,1.00E-09,1.00E-09
CH3NO2 + CH3O <=> CH2NO2 + CH3OH,1.00E-09,1.00E-09,1.00E-09
CH3NO2 + NO2 <=> CH2NO2 + HONO,1.00E-09,1.00E-09,1.00E-09
CH2NO2 <=> CH2O + NO,1.00E-09,1.00E-09,1.00E-09
CH2NO2 + H <=> CH3 + NO2,1.00E-09,1.00E-09,1.00E-09
CH2NO2 + O <=> CH2O + NO2,1.00E-09,1.00E-09,1.00E-09
CH2NO2 + OH <=> CH2OH + NO2,1.00E-09,1.00E-09,1.00E-09
CH2NO2 + OH <=> CH2O + HONO,1.00E-09,1.00E-09,1.00E-09
CH2NO2 + CH3 <=> C2H5 + NO2,1.00E-09,1.00E-09,1.00E-09
C2H5NO2 <=> C2H5 + NO2,1.00E-09,1.00E-09,1.00E-09
C2H5NO2 <=> C2H4 + HNO2,1.00E-09,1.00E-09,1.00E-09
C2H5NO2 <=> CH2CHNO + H2O,1.00E-09,1.00E-09,1.00E-09
C2H5NO2 <=> CH3CH2ONO,1.00E-09,1.00E-09,1.00E-09
C2H5NO2 + H <=> CH2CH2NO2 + H2,1.00E-09,1.00E-09,1.00E-09
C2H5NO2 + H <=> CH3CHNO2 + H2,1.00E-09,1.00E-09,1.00E-09
C2H5NO2 + H <=> C2H5NO + OH,1.00E-09,1.00E-09,1.00E-09
C2H5NO2 + O <=> CH2CH2NO2 + OH,1.00E-09,1.00E-09,1.00E-09
C2H5NO2 + O <=> CH3CHNO2 + OH,1.00E-09,1.00E-09,1.00E-09
C2H5NO2 + OH <=> CH2CH2NO2 + H2O,1.00E-09,1.00E-09,1.00E-09
C2H5NO2 + OH <=> CH3CHNO2 + H2O,1.00E-09,1.00E-09,1.00E-09
C2H5NO2 + OH <=> CH3CH2OH + NO2,1.00E-09,1.00E-09,1.00E-09
C2H5NO2 + HO2 <=> CH2CH2NO2 + H2O2,1.00E-09,1.00E-09,1.00E-09
C2H5NO2 + HO2 <=> CH3CHNO2 + H2O2,1.00E-09,1.00E-09,1.00E-09
C2H5NO2 + O2 <=> CH2CH2NO2 + HO2,1.00E-09,1.00E-09,1.00E-09
C2H5NO2 + CH3 <=> CH2CH2NO2 + CH4,1.00E-09,1.00E-09,1.00E-09
C2H5NO2 + CH3 <=> CH3CHNO2 + CH4,1.00E-09,1.00E-09,1.00E-09
C2H4 + NO2 <=> CH2CH2NO2,1.00E-09,1.00E-09,1.00E-09
CH3CHNO2 <=> C2H4 + NO2,1.00E-09,1.00E-09,1.00E-09
CH3O + NO (+M) <=> CH3ONO (+M),1.00E-09,1.00E-09,1.00E-09
CH3ONO + H <=> CH3OH + NO,1.00E-09,1.00E-09,1.00E-09
CH3ONO + H <=> CH2O + H2 + NO,1.00E-09,1.00E-09,1.00E-09
CH3ONO + O <=> CH3O + NO2,1.00E-09,1.00E-09,1.00E-09
CH3ONO + OH <=> CH3OH + NO2,1.00E-09,1.00E-09,1.00E-09
CH3CH2O + NO (+M) <=> CH3CH2ONO (+M),1.00E-09,1.00E-09,1.00E-09
CH3CH2ONO + OH <=> CH3CH2OH + NO2,1.00E-09,1.00E-09,1.00E-09
CH3O + NO2 (+M) <=> CH3ONO2 (+M),1.00E-09,1.00E-09,1.00E-09
CH3ONO2 + H <=> CH3O + HONO,1.00E-09,1.00E-09,1.00E-09
CH3ONO2 + O <=> CH3O + NO3,1.00E-09,1.00E-09,1.00E-09
CH3ONO2 + OH <=> CH3O + HONO2,1.00E-09,1.00E-09,1.00E-09
CH3CH2O + NO2 (+M) <=> CH3CH2ONO2 (+M),1.00E-09,1.00E-09,1.00E-09
CH3CH2ONO2 + OH <=> CH3CH2O + HONO2,1.00E-09,1.00E-09,1.00E-09
CH3CH2ONO2 + OH <=> CH3CH2O + HONO2,1.00E-09,1.00E-09,1.00E-09
CH3 + NH2 <=> CH3NH2,1.00E-09,1.00E-09,1.00E-09
CH3NH2 + M <=> CH2NH + H2 + M,1.00E-09,1.00E-09,1.00E-09
CH3NH2 + H <=> CH2NH2 + H2,1.00E-09,1.00E-09,1.00E-09
CH3NH2 + H <=> CH3NH + H2,1.00E-09,1.00E-09,1.00E-09
CH3NH2 + O <=> CH2NH2 + OH,1.00E-09,1.00E-09,1.00E-09
CH3NH2 + O <=> CH3NH + OH,1.00E-09,1.00E-09,1.00E-09
CH3NH2 + OH <=> CH2NH2 + H2O,1.00E-09,1.00E-09,1.00E-09
CH3NH2 + OH <=> CH3NH + H2O,1.00E-09,1.00E-09,1.00E-09
CH3 + CH3NH2 <=> CH2NH2 + CH4,1.00E-09,1.00E-09,1.00E-09
CH3 + CH3NH2 <=> CH3NH + CH4,1.00E-09,1.00E-09,1.00E-09
CH3NH2 + NH2 <=> CH2NH2 + NH3,1.00E-09,1.00E-09,1.00E-09
CH3NH2 + NH2 <=> CH3NH + NH3,1.00E-09,1.00E-09,1.00E-09
CH3 + NH2 <=> CH2NH2 + H,1.00E-09,1.00E-09,1.00E-09
CH3 + NH2 <=> CH3NH + H,1.00E-09,1.00E-09,1.00E-09
CH3 + NH2 <=> CH2NH + H2,1.00E-09,1.00E-09,1.00E-09
CH2NH2 <=> CH2NH + H,1.00E-09,1.00E-09,1.00E-09
CH2NH2 + H <=> CH2NH + H2,1.00E-09,1.00E-09,1.00E-09
CH2NH2 + O <=> CH2O + NH2,1.00E-09,1.00E-09,1.00E-09
CH2NH2 + O <=> CH2NH + OH,1.00E-09,1.00E-09,1.00E-09
CH2NH2 + OH <=> CH2OH + NH2,1.00E-09,1.00E-09,1.00E-09
CH2NH2 + OH <=> CH2NH + H2O,1.00E-09,1.00E-09,1.00E-09
CH2NH2 + O2 <=> CH2NH + HO2,1.00E-09,1.00E-09,1.00E-09
CH2NH2 + CH3 <=> C2H5 + NH2,1.00E-09,1.00E-09,1.00E-09
CH2NH2 + CH3 <=> CH2NH + CH4,1.00E-09,1.00E-09,1.00E-09
CH3NH <=> CH2NH + H,1.00E-09,1.00E-09,1.00E-09
CH3NH + H <=> CH2NH + H2,1.00E-09,1.00E-09,1.00E-09
CH3NH + O <=> CH2NH + OH,1.00E-09,1.00E-09,1.00E-09
CH3NH + OH <=> CH2NH + H2O,1.00E-09,1.00E-09,1.00E-09
CH3 + CH3NH <=> CH2NH + CH4,1.00E-09,1.00E-09,1.00E-09
CH2NH + H <=> H2 + H2CN,1.00E-09,1.00E-09,1.00E-09
CH2NH + H <=> H2 + HCNH,1.00E-09,1.00E-09,1.00E-09
CH2NH + O <=> H2CN + OH,1.00E-09,1.00E-09,1.00E-09
CH2NH + O <=> HCNH + OH,1.00E-09,1.00E-09,1.00E-09
CH2NH + O <=> CH2O + NH,1.00E-09,1.00E-09,1.00E-09
CH2NH + OH <=> H2CN + H2O,1.00E-09,1.00E-09,1.00E-09
CH2NH + OH <=> H2O + HCNH,1.00E-09,1.00E-09,1.00E-09
CH2NH + CH3 <=> CH4 + H2CN,1.00E-09,1.00E-09,1.00E-09
CH2NH + CH3 <=> CH4 + HCNH,1.00E-09,1.00E-09,1.00E-09
CH2NH + NH2 <=> H2CN + NH3,1.00E-09,1.00E-09,1.00E-09
CH2NH + NH2 <=> HCNH + NH3,1.00E-09,1.00E-09,1.00E-09
H2CN <=> H + HCN,1.00E-09,1.00E-09,1.00E-09
H + H2CN <=> H2 + HCN,1.00E-09,1.00E-09,1.00E-09
H2CN + O <=> HCN + OH,1.00E-09,1.00E-09,1.00E-09
H2CN + OH <=> H2O + HCN,1.00E-09,1.00E-09,1.00E-09
H2CN + OH <=> H2O + HCN,1.00E-09,1.00E-09,1.00E-09
H2CN + O2 <=> CH2O + NO,1.00E-09,1.00E-09,1.00E-09
H2CN + NH2 <=> HCN + NH3,1.00E-09,1.00E-09,1.00E-09
H2CN + NH <=> HCN + NH2,1.00E-09,1.00E-09,1.00E-09
H2CN + N <=> CH2 + N2,1.00E-09,1.00E-09,1.00E-09
HCNH <=> H + HCN,1.00E-09,1.00E-09,1.00E-09
H + HCNH <=> H + H2CN,1.00E-09,1.00E-09,1.00E-09
H + HCNH <=> H2 + HCN,1.00E-09,1.00E-09,1.00E-09
HCNH + O <=> H + HNCO,1.00E-09,1.00E-09,1.00E-09
HCNH + O <=> HCN + OH,1.00E-09,1.00E-09,1.00E-09
HCNH + OH <=> H2O + HCN,1.00E-09,1.00E-09,1.00E-09
CH3 + HCNH <=> CH4 + HCN,1.00E-09,1.00E-09,1.00E-09
CH3CH2NH2 <=> C2H4 + NH3,1.00E-09,1.00E-09,1.00E-09
C2H5 + NH2 (+M) <=> CH3CH2NH2 (+M),1.00E-09,1.00E-09,1.00E-09
CH3CHNH2 + H <=> CH3CH2NH2,1.00E-09,1.00E-09,1.00E-09
CH2CH2NH2 + H <=> CH3CH2NH2,1.00E-09,1.00E-09,1.00E-09
CH3CH2NH2 + H <=> CH2CH2NH2 + H2,1.00E-09,1.00E-09,1.00E-09
CH3CH2NH2 + H <=> CH3CHNH2 + H2,1.00E-09,1.00E-09,1.00E-09
CH3CH2NH2 + H <=> CH3CH2NH + H2,1.00E-09,1.00E-09,1.00E-09
CH3CH2NH2 + O <=> CH2CH2NH2 + OH,1.00E-09,1.00E-09,1.00E-09
CH3CH2NH2 + O <=> CH3CHNH2 + OH,1.00E-09,1.00E-09,1.00E-09
CH3CH2NH2 + O <=> CH3CH2NH + OH,1.00E-09,1.00E-09,1.00E-09
CH3CH2NH2 + OH <=> CH2CH2NH2 + H2O,1.00E-09,1.00E-09,1.00E-09
CH3CH2NH2 + OH <=> CH3CHNH2 + H2O,1.00E-09,1.00E-09,1.00E-09
CH3CH2NH2 + OH <=> CH3CH2NH + H2O,1.00E-09,1.00E-09,1.00E-09
CH3CH2NH2 + HO2 <=> CH2CH2NH2 + H2O2,1.00E-09,1.00E-09,1.00E-09
CH3CH2NH2 + HO2 <=> CH3CHNH2 + H2O2,1.00E-09,1.00E-09,1.00E-09
CH3 + CH3CH2NH2 <=> CH2CH2NH2 + CH4,1.00E-09,1.00E-09,1.00E-09
CH3 + CH3CH2NH2 <=> CH3CHNH2 + CH4,1.00E-09,1.00E-09,1.00E-09
CH3 + CH3CH2NH2 <=> CH3CH2NH + CH4,1.00E-09,1.00E-09,1.00E-09
CH3CH2NH2 + NH2 <=> CH2CH2NH2 + NH3,1.00E-09,1.00E-09,1.00E-09
CH3CH2NH2 + NH2 <=> CH3CHNH2 + NH3,1.00E-09,1.00E-09,1.00E-09
CH3CH2NH2 + NH2 <=> CH3CH2NH + NH3,1.00E-09,1.00E-09,1.00E-09
C2H4 + NH2 <=> CH2CH2NH2,1.00E-09,1.00E-09,1.00E-09
CH2CH2NH2 + H <=> CH2CHNH2 + H2,1.00E-09,1.00E-09,1.00E-09
CH2CH2NH2 + O <=> CH2NH2 + CH2O,1.00E-09,1.00E-09,1.00E-09
CH2CH2NH2 + OH <=> CH2CHNH2 + H2O,1.00E-09,1.00E-09,1.00E-09
CH2CH2NH2 + HO2 => CH2NH2 + CH2O + OH,1.00E-09,1.00E-09,1.00E-09
CH2CH2NH2 + O2 <=> CH2CHNH2 + HO2,1.00E-09,1.00E-09,1.00E-09
CH2CH2NH2 + HCO <=> CH3CH2NH2 + CO,1.00E-09,1.00E-09,1.00E-09
CH2CH2NH2 + CH3 <=> CH2CHNH2 + CH4,1.00E-09,1.00E-09,1.00E-09
CH2CHNH2 + H (+M) <=> CH3CHNH2 (+M),1.00E-09,1.00E-09,1.00E-09
CH3CHNH2 <=> CH3CHNH + H,1.00E-09,1.00E-09,1.00E-09
CH3CHNH2 + H <=> CH2CHNH2 + H2,1.00E-09,1.00E-09,1.00E-09
CH3CHNH2 + H <=> CH2NH2 + CH3,1.00E-09,1.00E-09,1.00E-09
CH3CHNH2 + H <=> C2H4 + NH3,1.00E-09,1.00E-09,1.00E-09
CH3CHNH2 + H <=> C2H5 + NH2,1.00E-09,1.00E-09,1.00E-09
CH3CHNH2 + O <=> CH3 + H2NCHO,1.00E-09,1.00E-09,1.00E-09
CH3CHNH2 + O <=> CH2CHNH2 + OH,1.00E-09,1.00E-09,1.00E-09
CH3CHNH2 + OH <=> CH2CHNH2 + H2O,1.00E-09,1.00E-09,1.00E-09
CH3CHNH2 + HO2 => CH3 + H2NCHO + OH,1.00E-09,1.00E-09,1.00E-09
CH3CHNH2 + O2 <=> CH2CHNH2 + HO2,1.00E-09,1.00E-09,1.00E-09
CH3CHNH2 + HCO <=> CH3CH2NH2 + CO,1.00E-09,1.00E-09,1.00E-09
CH3 + CH3CHNH2 <=> CH2CHNH2 + CH4,1.00E-09,1.00E-09,1.00E-09
CH3CH2NH <=> CH2NH + CH3,1.00E-09,1.00E-09,1.00E-09
CH3CH2NH <=> CH3CHNH + H,1.00E-09,1.00E-09,1.00E-09
CH3CH2NH + H <=> CH2NH2 + CH3,1.00E-09,1.00E-09,1.00E-09
CH3CH2NH + H <=> CH3CHNH + H2,1.00E-09,1.00E-09,1.00E-09
CH3CH2NH + O <=> CH3CHNH + OH,1.00E-09,1.00E-09,1.00E-09
CH3CH2NH + OH <=> CH3CHNH + H2O,1.00E-09,1.00E-09,1.00E-09
CH3 + CH3CH2NH <=> CH3CHNH + CH4,1.00E-09,1.00E-09,1.00E-09
CHCHNH2 + H (+M) <=> CH2CHNH2 (+M),1.00E-09,1.00E-09,1.00E-09
CH2CNH2 + H (+M) <=> CH2CHNH2 (+M),1.00E-09,1.00E-09,1.00E-09
CH2CHNH2 + H <=> CHCHNH2 + H2,1.00E-09,1.00E-09,1.00E-09
CH2CHNH2 + H <=> CH2CNH2 + H2,1.00E-09,1.00E-09,1.00E-09
CH2CHNH2 + H <=> CH2CHNH + H2,1.00E-09,1.00E-09,1.00E-09
CH2CHNH2 + O <=> CH3 + H2NCO,1.00E-09,1.00E-09,1.00E-09
CH2CHNH2 + O <=> CH3 + H2NCO,1.00E-09,1.00E-09,1.00E-09
CH2CHNH2 + O <=> CH2CHNH + OH,1.00E-09,1.00E-09,1.00E-09
CH2CHNH2 + OH <=> CHCHNH2 + H2O,1.00E-09,1.00E-09,1.00E-09
CH2CHNH2 + OH <=> CH2CNH2 + H2O,1.00E-09,1.00E-09,1.00E-09
CH2CHNH2 + OH <=> CH2CHNH + H2O,1.00E-09,1.00E-09,1.00E-09
CH2CHNH2 + CH3 <=> CH4 + CHCHNH2,1.00E-09,1.00E-09,1.00E-09
CH2CHNH2 + CH3 <=> CH2CNH2 + CH4,1.00E-09,1.00E-09,1.00E-09
CH2CHNH2 + CH3 <=> CH2CHNH + CH4,1.00E-09,1.00E-09,1.00E-09
CH2CHNH2 + NH2 <=> CHCHNH2 + NH3,1.00E-09,1.00E-09,1.00E-09
CH2CHNH2 + NH2 <=> CH2CNH2 + NH3,1.00E-09,1.00E-09,1.00E-09
CH2CHNH2 + NH2 <=> CH2CHNH + NH3,1.00E-09,1.00E-09,1.00E-09
CH3CHNH <=> CH2CHNH2,1.00E-09,1.00E-09,1.00E-09
CH2CHNH + H <=> CH3CHNH,1.00E-09,1.00E-09,1.00E-09
CH3 + HCNH <=> CH3CHNH,1.00E-09,1.00E-09,1.00E-09
CH3CHNH + H <=> CH2CHNH2 + H,1.00E-09,1.00E-09,1.00E-09
CH3CHNH + H <=> CH3CNH + H2,1.00E-09,1.00E-09,1.00E-09
CH3CHNH + H <=> CH2CHNH + H2,1.00E-09,1.00E-09,1.00E-09
CH3CHNH + H <=> CH3CHN + H2,1.00E-09,1.00E-09,1.00E-09
CH3CHNH + O <=> CH3CNH + OH,1.00E-09,1.00E-09,1.00E-09
CH3CHNH + O <=> CH2CHNH + OH,1.00E-09,1.00E-09,1.00E-09
CH3CHNH + O <=> CH3CHN + OH,1.00E-09,1.00E-09,1.00E-09
CH3CHNH + OH <=> CH3CNH + H2O,1.00E-09,1.00E-09,1.00E-09
CH3CHNH + OH <=> CH2CHNH + H2O,1.00E-09,1.00E-09,1.00E-09
CH3CHNH + OH <=> CH3CHN + H2O,1.00E-09,1.00E-09,1.00E-09
CH3 + CH3CHNH <=> CH3CNH + CH4,1.00E-09,1.00E-09,1.00E-09
CH3 + CH3CHNH <=> CH2CHNH + CH4,1.00E-09,1.00E-09,1.00E-09
CH3 + CH3CHNH <=> CH3CHN + CH4,1.00E-09,1.00E-09,1.00E-09
CH3CHNH + NH2 <=> CH3CHN + NH3,1.00E-09,1.00E-09,1.00E-09
C2H2 + NH2 <=> CHCHNH2,1.00E-09,1.00E-09,1.00E-09
CHCNH2 + H (+M) <=> CHCHNH2 (+M),1.00E-09,1.00E-09,1.00E-09
CHCHNH2 + H <=> CHCNH2 + H2,1.00E-09,1.00E-09,1.00E-09
CHCHNH2 + OH <=> CHCNH2 + H2O,1.00E-09,1.00E-09,1.00E-09
CHCHNH2 + O2 <=> NH2 + OCHCHO,1.00E-09,1.00E-09,1.00E-09
CH3 + CHCHNH2 <=> CH4 + CHCNH2,1.00E-09,1.00E-09,1.00E-09
CHCNH2 + H (+M) <=> CH2CNH2 (+M),1.00E-09,1.00E-09,1.00E-09
CH2CNH2 + H <=> CHCNH2 + H2,1.00E-09,1.00E-09,1.00E-09
CH2CNH2 + O <=> CH2CO + NH2,1.00E-09,1.00E-09,1.00E-09
CH2CNH2 + OH <=> CHCNH2 + H2O,1.00E-09,1.00E-09,1.00E-09
CH2CNH2 + O2 <=> NH2 + OCHCHO,1.00E-09,1.00E-09,1.00E-09
CH2CNH2 + CH3 <=> CH4 + CHCNH2,1.00E-09,1.00E-09,1.00E-09
CH2CHNH + H <=> CH3 + HCNH,1.00E-09,1.00E-09,1.00E-09
CH2CHNH + H <=> CH3CNH + H,1.00E-09,1.00E-09,1.00E-09
CH2CHNH + H <=> CH2CNH + H2,1.00E-09,1.00E-09,1.00E-09
CH2CHNH + O <=> CH2CNH + OH,1.00E-09,1.00E-09,1.00E-09
CH2CHNH + OH <=> CH2CNH + H2O,1.00E-09,1.00E-09,1.00E-09
CH2CHNH + OH <=> CH2OH + HCNH,1.00E-09,1.00E-09,1.00E-09
CH2CHNH + O2 <=> CH2O + CO + NH2,1.00E-09,1.00E-09,1.00E-09
CH3CNH <=> CH3 + HNC,1.00E-09,1.00E-09,1.00E-09
CH3CNH <=> CH3CN + H,1.00E-09,1.00E-09,1.00E-09
CH3CNH + H <=> CH3 + HCNH,1.00E-09,1.00E-09,1.00E-09
CH3CNH + H <=> CH2CNH + H2,1.00E-09,1.00E-09,1.00E-09
CH3CNH + H <=> CH3CN + H2,1.00E-09,1.00E-09,1.00E-09
CH3CNH + O <=> CH3 + HNCO,1.00E-09,1.00E-09,1.00E-09
CH3CNH + O <=> CH2CNH + OH,1.00E-09,1.00E-09,1.00E-09
CH3CNH + O <=> CH3CN + OH,1.00E-09,1.00E-09,1.00E-09
CH3CNH + OH <=> CH2CNH + H2O,1.00E-09,1.00E-09,1.00E-09
CH3CNH + OH <=> CH3CN + H2O,1.00E-09,1.00E-09,1.00E-09
CH3CNH + O2 <=> CH2O + CO + NH2,1.00E-09,1.00E-09,1.00E-09
CH3 + CH3CNH <=> CH2CNH + CH4,1.00E-09,1.00E-09,1.00E-09
CH3 + CH3CNH <=> CH3CN + CH4,1.00E-09,1.00E-09,1.00E-09
CH3 + HCN <=> CH3CHN,1.00E-09,1.00E-09,1.00E-09
CH3CHN + H <=> CH3CN + H2,1.00E-09,1.00E-09,1.00E-09
CH3CHN + H <=> CH2CHN + H2,1.00E-09,1.00E-09,1.00E-09
CH2CHN(S) + H2 <=> CH3CHN + H,1.00E-09,1.00E-09,1.00E-09
CH3CHN + O <=> CH3CN + OH,1.00E-09,1.00E-09,1.00E-09
CH3CHN + OH <=> CH3CN + H2O,1.00E-09,1.00E-09,1.00E-09
CH3CHN + OH <=> CH2CHN + H2O,1.00E-09,1.00E-09,1.00E-09
CH3CHN + OH <=> CH2CHN(S) + H2O,1.00E-09,1.00E-09,1.00E-09
CH3CHN + NH2 <=> CH3CN + NH3,1.00E-09,1.00E-09,1.00E-09
CHCNH2 + H <=> CHCNH + H2,1.00E-09,1.00E-09,1.00E-09
CHCNH2 + O <=> CHCNH + OH,1.00E-09,1.00E-09,1.00E-09
CHCNH2 + O <=> HCCO + NH2,1.00E-09,1.00E-09,1.00E-09
CHCNH2 + OH <=> CHCNH + H2O,1.00E-09,1.00E-09,1.00E-09
CH3 + CHCNH2 <=> CH4 + CHCNH,1.00E-09,1.00E-09,1.00E-09
CHCNH2 + NH2 <=> CHCNH + NH3,1.00E-09,1.00E-09,1.00E-09
CH2CNH <=> CH3CN,1.00E-09,1.00E-09,1.00E-09
CH2CNH + H <=> CH3CN + H,1.00E-09,1.00E-09,1.00E-09
CH2CNH + H <=> CH3 + HNC,1.00E-09,1.00E-09,1.00E-09
CH2CNH + H <=> CHCNH + H2,1.00E-09,1.00E-09,1.00E-09
CH2CNH + H <=> CH2CN + H2,1.00E-09,1.00E-09,1.00E-09
CH2CNH + O <=> CH2 + HNCO,1.00E-09,1.00E-09,1.00E-09
CH2CNH + O <=> CHCNH + OH,1.00E-09,1.00E-09,1.00E-09
CH2CNH + O <=> CH2CN + OH,1.00E-09,1.00E-09,1.00E-09
CH2CNH + OH <=> CH2OH + HNC,1.00E-09,1.00E-09,1.00E-09
CH2CNH + OH <=> CH3 + HNCO,1.00E-09,1.00E-09,1.00E-09
CH2CNH + OH <=> CHCNH + H2O,1.00E-09,1.00E-09,1.00E-09
CH2CNH + OH <=> CH2CN + H2O,1.00E-09,1.00E-09,1.00E-09
CH2CNH + CH3 <=> CH2CN + CH4,1.00E-09,1.00E-09,1.00E-09
CH2CNH + NH2 <=> CH2CN + NH3,1.00E-09,1.00E-09,1.00E-09
CH2CHN + H <=> CH3 + HCN,1.00E-09,1.00E-09,1.00E-09
CH2CHN + O <=> CH2O + HCN,1.00E-09,1.00E-09,1.00E-09
CH2CHN + O2 <=> CH2O + HNCO,1.00E-09,1.00E-09,1.00E-09
CH2CHN(S) + M <=> CH2CHN + M,1.00E-09,1.00E-09,1.00E-09
CH2CHN(S) + H <=> CH2CHN + H,1.00E-09,1.00E-09,1.00E-09
CH2CHN(S) + H <=> CH3 + HCN,1.00E-09,1.00E-09,1.00E-09
CH2CHN(S) <=> c-C2H3N,1.00E-09,1.00E-09,1.00E-09
CH2CHN(S) <=> CH3CN,1.00E-09,1.00E-09,1.00E-09
CH2CHN(S) + O => H + HCN + HCO,1.00E-09,1.00E-09,1.00E-09
CH2CHN(S) + OH => CH2O + H + HCN,1.00E-09,1.00E-09,1.00E-09
c-C2H3N <=> CH3CN,1.00E-09,1.00E-09,1.00E-09
H + c-C2H3N <=> CH2NCH2,1.00E-09,1.00E-09,1.00E-09
H + c-C2H3N <=> CH2CHNH,1.00E-09,1.00E-09,1.00E-09
O + c-C2H3N => H2CN + HCO,1.00E-09,1.00E-09,1.00E-09
O + c-C2H3N => C2H3 + NO,1.00E-09,1.00E-09,1.00E-09
OH + c-C2H3N => CH2O + H2CN,1.00E-09,1.00E-09,1.00E-09
CHCNH + H <=> CH2 + HNC,1.00E-09,1.00E-09,1.00E-09
CHCNH + O <=> CO + H + HNC,1.00E-09,1.00E-09,1.00E-09
CHCNH + OH <=> HCNH + HCO,1.00E-09,1.00E-09,1.00E-09
CHCNH + O2 <=> HCO + HNCO,1.00E-09,1.00E-09,1.00E-09
CHCNH + O2 <=> CO + HNC + OH,1.00E-09,1.00E-09,1.00E-09
CHCNH + O2 <=> HCO + HNC + O,1.00E-09,1.00E-09,1.00E-09
H2NCHO (+M) <=> CO + NH3 (+M),1.00E-09,1.00E-09,1.00E-09
H2NCHO + M <=> HCO + NH2 + M,1.00E-09,1.00E-09,1.00E-09
H2NCHO + M <=> H + H2NCO + M,1.00E-09,1.00E-09,1.00E-09
H + H2NCHO <=> H2 + H2NCO,1.00E-09,1.00E-09,1.00E-09
H + H2NCHO <=> HCO + NH3,1.00E-09,1.00E-09,1.00E-09
H2NCHO + O <=> H2NCO + OH,1.00E-09,1.00E-09,1.00E-09
H2NCHO + OH <=> H2NCO + H2O,1.00E-09,1.00E-09,1.00E-09
CH3 + H2NCHO <=> CH4 + H2NCO,1.00E-09,1.00E-09,1.00E-09
H2NCHO + NH2 <=> H2NCO + NH3,1.00E-09,1.00E-09,1.00E-09
H2NCO (+M) <=> CO + NH2 (+M),1.00E-09,1.00E-09,1.00E-09
H + H2NCO <=> H2 + HNCO,1.00E-09,1.00E-09,1.00E-09
H2NCO + O <=> HNCO + OH,1.00E-09,1.00E-09,1.00E-09
H2NCO + OH <=> H2O + HNCO,1.00E-09,1.00E-09,1.00E-09
CH3NHCH2 + H (+M) <=> CH3NHCH3 (+M),1.00E-09,1.00E-09,1.00E-09
CH3NCH3 + H <=> CH3NHCH3,1.00E-09,1.00E-09,1.00E-09
CH3NHCH3 + H <=> CH3NHCH2 + H2,1.00E-09,1.00E-09,1.00E-09
CH3NHCH3 + H <=> CH3NCH3 + H2,1.00E-09,1.00E-09,1.00E-09
CH3NHCH3 + O <=> CH3NHCH2 + OH,1.00E-09,1.00E-09,1.00E-09
CH3NHCH3 + O <=> CH3NCH3 + OH,1.00E-09,1.00E-09,1.00E-09
CH3NHCH3 + OH <=> CH3NHCH2 + H2O,1.00E-09,1.00E-09,1.00E-09
CH3NHCH3 + OH <=> CH3NCH3 + H2O,1.00E-09,1.00E-09,1.00E-09
CH3 + CH3NHCH3 <=> CH3NHCH2 + CH4,1.00E-09,1.00E-09,1.00E-09
CH3 + CH3NHCH3 <=> CH3NCH3 + CH4,1.00E-09,1.00E-09,1.00E-09
CH3NHCH3 + NH2 <=> CH3NHCH2 + NH3,1.00E-09,1.00E-09,1.00E-09
CH3NHCH3 + NH2 <=> CH3NCH3 + NH3,1.00E-09,1.00E-09,1.00E-09
CH3NHCH2 <=> CH2NH + CH3,1.00E-09,1.00E-09,1.00E-09
CH3NHCH2 <=> CH3NCH2 + H,1.00E-09,1.00E-09,1.00E-09
CH3NHCH2 + H <=> CH3NCH2 + H2,1.00E-09,1.00E-09,1.00E-09
CH3NHCH2 + O <=> CH2O + CH3NH,1.00E-09,1.00E-09,1.00E-09
CH3NHCH2 + O <=> CH3NCH2 + OH,1.00E-09,1.00E-09,1.00E-09
CH3NHCH2 + OH <=> CH2OH + CH3NH,1.00E-09,1.00E-09,1.00E-09
CH3NHCH2 + OH <=> CH3NCH2 + H2O,1.00E-09,1.00E-09,1.00E-09
CH3 + CH3NHCH2 <=> C2H5 + CH3NH,1.00E-09,1.00E-09,1.00E-09
CH3 + CH3NHCH2 <=> CH3NCH2 + CH4,1.00E-09,1.00E-09,1.00E-09
CH3NCH3 <=> CH3NCH2 + H,1.00E-09,1.00E-09,1.00E-09
CH3NCH3 + H <=> CH3NCH2 + H2,1.00E-09,1.00E-09,1.00E-09
CH3NCH3 + O <=> CH3 + CH3NO,1.00E-09,1.00E-09,1.00E-09
CH3NCH3 + OH <=> CH3NCH2 + H2O,1.00E-09,1.00E-09,1.00E-09
CH3NCH3 + O2 <=> CH3NO + CH3O,1.00E-09,1.00E-09,1.00E-09
CH3 + CH3NCH3 <=> CH3NCH2 + CH4,1.00E-09,1.00E-09,1.00E-09
CH2NCH2 + H <=> CH3NCH2,1.00E-09,1.00E-09,1.00E-09
CH3NCH2 + H <=> CH2NCH2 + H2,1.00E-09,1.00E-09,1.00E-09
CH3NCH2 + H <=> CH3NCH + H2,1.00E-09,1.00E-09,1.00E-09
CH3NCH2 + O <=> CH2NCH2 + OH,1.00E-09,1.00E-09,1.00E-09
CH3NCH2 + O <=> CH3NCH + OH,1.00E-09,1.00E-09,1.00E-09
CH3NCH2 + OH <=> CH2NCH2 + H2O,1.00E-09,1.00E-09,1.00E-09
CH3NCH2 + OH <=> CH3NCH + H2O,1.00E-09,1.00E-09,1.00E-09
CH3 + CH3NCH2 <=> CH2NCH2 + CH4,1.00E-09,1.00E-09,1.00E-09
CH3 + CH3NCH2 <=> CH3NCH + CH4,1.00E-09,1.00E-09,1.00E-09
CH3NCH2 + NH2 <=> CH2NCH2 + NH3,1.00E-09,1.00E-09,1.00E-09
CH3NCH2 + NH2 <=> CH3NCH + NH3,1.00E-09,1.00E-09,1.00E-09
CH2NCH2 <=> CH3NCH,1.00E-09,1.00E-09,1.00E-09
CH2NCH2 + H <=> CH3 + H2CN,1.00E-09,1.00E-09,1.00E-09
CH2NCH2 + O <=> CH2O + H2CN,1.00E-09,1.00E-09,1.00E-09
CH2NCH2 + OH <=> CH2OH + H2CN,1.00E-09,1.00E-09,1.00E-09
CH3NCH <=> CH3 + HCN,1.00E-09,1.00E-09,1.00E-09
CH3NCH + H <=> CH2NCH2 + H,1.00E-09,1.00E-09,1.00E-09
CH3NCH + O => CH3 + H + NCO,1.00E-09,1.00E-09,1.00E-09